--
-- Script was generated by Devart dbForge Studio 2020 for MySQL, Version 9.0.338.0
-- Product home page: http://www.devart.com/dbforge/mysql/studio
-- Script date 5/28/2022 4:35:01 PM
-- Server version: 8.0.28
-- Client version: 4.1
--

-- 
-- Disable foreign keys
-- 
/*!40014 SET @OLD_FOREIGN_KEY_CHECKS=@@FOREIGN_KEY_CHECKS, FOREIGN_KEY_CHECKS=0 */;

-- 
-- Set SQL mode
-- 
/*!40101 SET @OLD_SQL_MODE=@@SQL_MODE, SQL_MODE='NO_AUTO_VALUE_ON_ZERO' */;

-- 
-- Set character set the client will use to send SQL statements to the server
--
SET NAMES 'utf8';

--
-- Set default database
--
USE graduationwork;

--
-- Drop table `log`
--
DROP TABLE IF EXISTS log;

--
-- Drop procedure `convolution_sd`
--
DROP PROCEDURE IF EXISTS convolution_sd;

--
-- Drop procedure `test`
--
DROP PROCEDURE IF EXISTS test;

--
-- Drop table `convolution_statistics_diagnosis`
--
DROP TABLE IF EXISTS convolution_statistics_diagnosis;

--
-- Drop table `constant`
--
DROP TABLE IF EXISTS constant;

--
-- Drop procedure `Adminka_statistics_test`
--
DROP PROCEDURE IF EXISTS Adminka_statistics_test;

--
-- Drop table `conclusion`
--
DROP TABLE IF EXISTS conclusion;

--
-- Drop table `diagnosis`
--
DROP TABLE IF EXISTS diagnosis;

--
-- Drop view `authorization`
--
DROP VIEW IF EXISTS authorization CASCADE;

--
-- Drop procedure `authorization`
--
DROP PROCEDURE IF EXISTS authorization;

--
-- Drop procedure `usermiac`
--
DROP PROCEDURE IF EXISTS usermiac;

--
-- Drop table `employees`
--
DROP TABLE IF EXISTS employees;

--
-- Drop table `post_acces_level`
--
DROP TABLE IF EXISTS post_acces_level;

--
-- Drop table `post`
--
DROP TABLE IF EXISTS post;

--
-- Drop table `acces_level`
--
DROP TABLE IF EXISTS acces_level;

--
-- Drop table `patient`
--
DROP TABLE IF EXISTS patient;

--
-- Drop table `user`
--
DROP TABLE IF EXISTS user;

--
-- Drop table `medical_institution`
--
DROP TABLE IF EXISTS medical_institution;

--
-- Drop table `type_of_institution`
--
DROP TABLE IF EXISTS type_of_institution;

--
-- Drop table `district`
--
DROP TABLE IF EXISTS district;

--
-- Drop table `city`
--
DROP TABLE IF EXISTS city;

--
-- Drop table `region`
--
DROP TABLE IF EXISTS region;

--
-- Set default database
--
USE graduationwork;

--
-- Create table `region`
--
CREATE TABLE region (
  id int UNSIGNED NOT NULL AUTO_INCREMENT,
  name_region varchar(255) NOT NULL DEFAULT '',
  PRIMARY KEY (id)
)
ENGINE = INNODB,
AUTO_INCREMENT = 3,
AVG_ROW_LENGTH = 8192,
CHARACTER SET utf8,
COLLATE utf8_general_ci;

--
-- Create table `city`
--
CREATE TABLE city (
  id int UNSIGNED NOT NULL AUTO_INCREMENT,
  id_name_region int UNSIGNED NOT NULL,
  name_city varchar(255) NOT NULL DEFAULT '',
  PRIMARY KEY (id)
)
ENGINE = INNODB,
AUTO_INCREMENT = 3,
AVG_ROW_LENGTH = 8192,
CHARACTER SET utf8,
COLLATE utf8_general_ci;

--
-- Create foreign key
--
ALTER TABLE city
ADD CONSTRAINT FK_city_region_id FOREIGN KEY (id_name_region)
REFERENCES region (id);

--
-- Create table `district`
--
CREATE TABLE district (
  id int UNSIGNED NOT NULL AUTO_INCREMENT,
  id_name_city int UNSIGNED NOT NULL,
  name_district varchar(255) NOT NULL DEFAULT '',
  PRIMARY KEY (id)
)
ENGINE = INNODB,
AUTO_INCREMENT = 3,
AVG_ROW_LENGTH = 8192,
CHARACTER SET utf8,
COLLATE utf8_general_ci;

--
-- Create foreign key
--
ALTER TABLE district
ADD CONSTRAINT FK_district_city_id FOREIGN KEY (id_name_city)
REFERENCES city (id);

--
-- Create table `type_of_institution`
--
CREATE TABLE type_of_institution (
  id int UNSIGNED NOT NULL AUTO_INCREMENT,
  name_type varchar(255) NOT NULL DEFAULT '',
  PRIMARY KEY (id)
)
ENGINE = INNODB,
AUTO_INCREMENT = 4,
AVG_ROW_LENGTH = 8192,
CHARACTER SET utf8,
COLLATE utf8_general_ci;

--
-- Create table `medical_institution`
--
CREATE TABLE medical_institution (
  id int UNSIGNED NOT NULL AUTO_INCREMENT,
  name_institution varchar(255) NOT NULL DEFAULT '',
  id_type_of_institution int UNSIGNED NOT NULL,
  id_distrtict int UNSIGNED NOT NULL,
  id_statistics_diagnosis int UNSIGNED DEFAULT NULL,
  PRIMARY KEY (id)
)
ENGINE = INNODB,
AUTO_INCREMENT = 3,
AVG_ROW_LENGTH = 8192,
CHARACTER SET utf8,
COLLATE utf8_general_ci;

--
-- Create foreign key
--
ALTER TABLE medical_institution
ADD CONSTRAINT FK_medical_institution_district_id FOREIGN KEY (id_distrtict)
REFERENCES district (id);

--
-- Create foreign key
--
ALTER TABLE medical_institution
ADD CONSTRAINT FK_medical_institution_type_of_institution_id FOREIGN KEY (id_type_of_institution)
REFERENCES type_of_institution (id);

--
-- Create table `user`
--
CREATE TABLE user (
  id int UNSIGNED NOT NULL AUTO_INCREMENT,
  login varchar(255) NOT NULL DEFAULT '',
  password varchar(255) NOT NULL DEFAULT '',
  `e-mail` varchar(255) NOT NULL DEFAULT '',
  id_medical_institution int UNSIGNED NOT NULL,
  id_district int UNSIGNED NOT NULL,
  PRIMARY KEY (id)
)
ENGINE = INNODB,
AUTO_INCREMENT = 4,
AVG_ROW_LENGTH = 8192,
CHARACTER SET utf8,
COLLATE utf8_general_ci;

--
-- Create foreign key
--
ALTER TABLE user
ADD CONSTRAINT FK_user_district_id FOREIGN KEY (id_district)
REFERENCES district (id);

--
-- Create foreign key
--
ALTER TABLE user
ADD CONSTRAINT FK_user_medical_institution_id FOREIGN KEY (id_medical_institution)
REFERENCES medical_institution (id);

--
-- Create table `patient`
--
CREATE TABLE patient (
  id int UNSIGNED NOT NULL AUTO_INCREMENT,
  surname varchar(255) NOT NULL DEFAULT '',
  name varchar(50) NOT NULL DEFAULT '',
  patronymic varchar(255) DEFAULT NULL,
  phone_number varchar(255) DEFAULT NULL,
  gender varchar(1) NOT NULL DEFAULT '',
  id_district varchar(255) NOT NULL DEFAULT '',
  id_city varchar(255) NOT NULL DEFAULT '',
  id_region varchar(255) NOT NULL DEFAULT '',
  inn varchar(255) DEFAULT NULL,
  passport varchar(255) DEFAULT NULL,
  disability tinyint DEFAULT NULL,
  dt_birthday timestamp NOT NULL,
  PRIMARY KEY (id)
)
ENGINE = INNODB,
AUTO_INCREMENT = 501,
AVG_ROW_LENGTH = 163,
CHARACTER SET utf8mb4,
COLLATE utf8mb4_0900_ai_ci;

--
-- Create table `acces_level`
--
CREATE TABLE acces_level (
  id int UNSIGNED NOT NULL AUTO_INCREMENT,
  description varchar(255) NOT NULL DEFAULT '',
  acces_name varchar(255) NOT NULL DEFAULT '',
  PRIMARY KEY (id)
)
ENGINE = INNODB,
AUTO_INCREMENT = 3,
AVG_ROW_LENGTH = 8192,
CHARACTER SET utf8,
COLLATE utf8_general_ci;

--
-- Create table `post`
--
CREATE TABLE post (
  id int UNSIGNED NOT NULL AUTO_INCREMENT,
  name_post varchar(255) NOT NULL DEFAULT '',
  wages float NOT NULL,
  PRIMARY KEY (id)
)
ENGINE = INNODB,
AUTO_INCREMENT = 3,
AVG_ROW_LENGTH = 8192,
CHARACTER SET utf8,
COLLATE utf8_general_ci;

--
-- Create table `post_acces_level`
--
CREATE TABLE post_acces_level (
  id int UNSIGNED NOT NULL AUTO_INCREMENT,
  id_post int UNSIGNED NOT NULL,
  id_acces_level int UNSIGNED NOT NULL,
  PRIMARY KEY (id)
)
ENGINE = INNODB,
AUTO_INCREMENT = 3,
AVG_ROW_LENGTH = 8192,
CHARACTER SET utf8,
COLLATE utf8_general_ci;

--
-- Create foreign key
--
ALTER TABLE post_acces_level
ADD CONSTRAINT FK_position_acces_level_acces_level_id FOREIGN KEY (id_acces_level)
REFERENCES acces_level (id);

--
-- Create foreign key
--
ALTER TABLE post_acces_level
ADD CONSTRAINT FK_post_acces_level_post_id FOREIGN KEY (id)
REFERENCES post (id);

--
-- Create table `employees`
--
CREATE TABLE employees (
  id int UNSIGNED NOT NULL AUTO_INCREMENT,
  surname varchar(255) NOT NULL DEFAULT '',
  name varchar(255) NOT NULL DEFAULT '',
  patronymic varchar(255) NOT NULL DEFAULT '',
  id_post int UNSIGNED NOT NULL,
  phone_number varchar(17) NOT NULL DEFAULT '',
  gender varchar(7) NOT NULL DEFAULT '',
  education varchar(255) NOT NULL DEFAULT '',
  id_user int UNSIGNED NOT NULL,
  PRIMARY KEY (id)
)
ENGINE = INNODB,
AUTO_INCREMENT = 4,
AVG_ROW_LENGTH = 8192,
CHARACTER SET utf8,
COLLATE utf8_general_ci;

--
-- Create foreign key
--
ALTER TABLE employees
ADD CONSTRAINT FK_employees_post_id FOREIGN KEY (id_post)
REFERENCES post (id);

--
-- Create foreign key
--
ALTER TABLE employees
ADD CONSTRAINT FK_employees_user_id FOREIGN KEY (id_user)
REFERENCES user (id);

DELIMITER $$

--
-- Create procedure `usermiac`
--
CREATE DEFINER = 'root'@'localhost'
PROCEDURE usermiac (var_surname text)
BEGIN
  SELECT
    e.surname 'Фамилия',
    e.name 'Имя',
    e.patronymic 'Отчество',
    p.name_post 'Должность',
    e.phone_number 'Номер телефона',
    e.gender 'Пол',
    e.education 'Образование',
    u.login 'Логин',
    u.`e-mail`,
    mi.name_institution 'Мед. учреждение',
    d.name_district 'Область',
    c.name_city 'Город',
    r.name_region 'Регион'
  FROM employees e
    LEFT JOIN user u
      ON e.id_user = u.id
    LEFT JOIN medical_institution mi
      ON mi.id = u.id_medical_institution
    LEFT JOIN district d
      ON d.id = u.id_district
    LEFT JOIN post p
      ON p.id = e.id_post
    LEFT JOIN city c
      ON c.id = d.id_name_city
    LEFT JOIN region r
      ON r.id = c.id_name_region
  WHERE e.surname LIKE CONCAT(var_surname, '%')
  ;
END
$$

--
-- Create procedure `authorization`
--
CREATE DEFINER = 'root'@'localhost'
PROCEDURE authorization (log text, pass text)
BEGIN

  SET SESSION TRANSACTION ISOLATION LEVEL READ COMMITTED;
  --	SET SESSION BINLOG_FORMAT = 'ROW';

  DROP TEMPORARY TABLE IF EXISTS tmp_authorization;
  CREATE TEMPORARY TABLE tmp_authorization (
    id int,
    login varchar(255),
    password varchar(255),
    acces_name varchar(255),
    surname varchar(255),
    name varchar(255),
    name_post varchar(255)
  );

  INSERT INTO tmp_authorization (id, login, password, acces_name, surname, name, name_post)
    SELECT
      u.id,
      u.login,
      u.password,
      al.acces_name,
      e.surname,
      e.name,
      p.name_post
    FROM user u
      JOIN employees e
        ON e.id_user = u.id
      JOIN post p
        ON p.id = e.id_post
      JOIN post_acces_level pal
        ON pal.id_post = p.id
      JOIN acces_level al
        ON al.id = pal.id_acces_level
    WHERE u.login = log
    AND u.password = pass
  ;

  -- DROP TEMPORARY TABLE IF EXISTS tmp_authorization;

  SET SESSION TRANSACTION ISOLATION LEVEL REPEATABLE READ;
--	SET SESSION BINLOG_FORMAT = 'MIXED';
END
$$

DELIMITER ;

--
-- Create view `authorization`
--
CREATE
DEFINER = 'root'@'localhost'
VIEW authorization
AS
SELECT
  `user`.`login` AS `login`,
  `user`.`password` AS `password`,
  `acces_level`.`acces_name` AS `acces_name`
FROM ((((`employees`
  JOIN `user`
    ON ((`employees`.`id_user` = `user`.`id`)))
  JOIN `post`
    ON ((`employees`.`id_post` = `post`.`id`)))
  JOIN `post_acces_level`
    ON ((`post_acces_level`.`id` = `post`.`id`)))
  JOIN `acces_level`
    ON ((`post_acces_level`.`id_acces_level` = `acces_level`.`id`)));

--
-- Create table `diagnosis`
--
CREATE TABLE diagnosis (
  id int UNSIGNED NOT NULL AUTO_INCREMENT,
  name_of_diagnosis varchar(255) NOT NULL DEFAULT '',
  PRIMARY KEY (id)
)
ENGINE = INNODB,
AUTO_INCREMENT = 361,
AVG_ROW_LENGTH = 8192,
CHARACTER SET utf8,
COLLATE utf8_general_ci;

--
-- Create table `conclusion`
--
CREATE TABLE conclusion (
  id int UNSIGNED NOT NULL AUTO_INCREMENT,
  id_patient int UNSIGNED NOT NULL,
  dt_receipt timestamp NOT NULL,
  id_medical_institution int UNSIGNED NOT NULL,
  id_diagnosis int UNSIGNED NOT NULL,
  PRIMARY KEY (id)
)
ENGINE = INNODB,
AUTO_INCREMENT = 4,
AVG_ROW_LENGTH = 8192,
CHARACTER SET utf8mb4,
COLLATE utf8mb4_0900_ai_ci;

--
-- Create foreign key
--
ALTER TABLE conclusion
ADD CONSTRAINT FK_conclusion_diagnosis_id FOREIGN KEY (id_diagnosis)
REFERENCES diagnosis (id);

--
-- Create foreign key
--
ALTER TABLE conclusion
ADD CONSTRAINT FK_conclusion_medical_institution_id FOREIGN KEY (id_medical_institution)
REFERENCES medical_institution (id);

--
-- Create foreign key
--
ALTER TABLE conclusion
ADD CONSTRAINT FK_conclusion_patient_id FOREIGN KEY (id_patient)
REFERENCES patient (id);

DELIMITER $$

--
-- Create procedure `Adminka_statistics_test`
--
CREATE DEFINER = 'root'@'localhost'
PROCEDURE Adminka_statistics_test (IN var_surname varchar(255), IN var_name varchar(255), IN var_diagnosis varchar(255))
BEGIN


  SELECT STRAIGHT_JOIN
    p.id '№',
    d1.name_of_diagnosis 'Диагноз',
    p.surname 'Фамилия',
    p.name 'Имя',
    p.patronymic 'Отчество',
    p.phone_number 'Номер телефона',
    p.gender 'Пол',
    d.name_district 'Область',
    c.name_city 'Город',
    r.name_region 'Район',
    p.inn 'ИНН',
    p.passport 'Пасспорт',
    p.dt_birthday 'День рождения'
  FROM graduationwork.patient p
    JOIN graduationwork.district d
      ON d.id = p.id_district
    JOIN graduationwork.city c
      ON c.id = p.id_city
    JOIN graduationwork.region r
      ON r.id = p.id_region
    LEFT JOIN conclusion c1
      ON c1.id_patient = p.id
    LEFT JOIN diagnosis d1
      ON d1.id = c1.id_diagnosis
  WHERE p.surname LIKE CONCAT(var_surname, '%')
  AND p.name LIKE CONCAT(var_name, '%')
  AND d1.name_of_diagnosis LIKE CONCAT(var_diagnosis, '%')
  ;
END
$$

DELIMITER ;

--
-- Create table `constant`
--
CREATE TABLE constant (
  id int UNSIGNED NOT NULL AUTO_INCREMENT,
  value timestamp NULL DEFAULT NULL,
  PRIMARY KEY (id)
)
ENGINE = INNODB,
AUTO_INCREMENT = 2,
CHARACTER SET utf8mb4,
COLLATE utf8mb4_0900_ai_ci;

--
-- Create table `convolution_statistics_diagnosis`
--
CREATE TABLE convolution_statistics_diagnosis (
  id int UNSIGNED NOT NULL AUTO_INCREMENT,
  number_of_people int UNSIGNED NOT NULL,
  id_diagnosis int UNSIGNED NOT NULL,
  gender varchar(1) DEFAULT NULL,
  datetime_period date NOT NULL,
  id_district int UNSIGNED NOT NULL,
  PRIMARY KEY (id)
)
ENGINE = INNODB,
AUTO_INCREMENT = 14,
CHARACTER SET utf8,
COLLATE utf8_general_ci;

DELIMITER $$

--
-- Create procedure `test`
--
CREATE DEFINER = 'root'@'localhost'
PROCEDURE test (IN var_district varchar(255), IN var_date varchar(255))
BEGIN
  SELECT STRAIGHT_JOIN
    csd.number_of_people 'Количество обращений',
    d.name_of_diagnosis 'Диагноз',
    csd.gender 'Пол',
    csd.datetime_period 'Дата',
    d2.name_district 'Область'
  FROM convolution_statistics_diagnosis csd
    JOIN diagnosis d
      ON d.id = csd.id_diagnosis
    JOIN district d2
      ON d2.id = csd.id_district
  WHERE csd.datetime_period LIKE CONCAT(var_date, '%')
  AND d2.name_district LIKE CONCAT(var_district, '%')
  ;

END
$$

--
-- Create procedure `convolution_sd`
--
CREATE DEFINER = 'root'@'localhost'
PROCEDURE convolution_sd ()
BEGIN
  SET SESSION TRANSACTION ISOLATION LEVEL READ COMMITTED;
  --	SET SESSION BINLOG_FORMAT = 'ROW';

  INSERT INTO convolution_statistics_diagnosis (number_of_people, id_diagnosis, gender, datetime_period, id_district)
    SELECT
      COUNT(c.id_patient),
      c.id_diagnosis,
      p.gender,
      c.dt_receipt,
      d1.id_name_city
    FROM conclusion c
      JOIN patient p
        ON p.id = c.id_patient
      JOIN district d1
        ON d1.id = p.id_district
      JOIN constant c1
        ON c1.id = 1
    WHERE c.dt_receipt >= c1.value
    GROUP BY c.id_diagnosis,
             d1.id,
             p.gender;

  UPDATE constant c
  SET id = 1,
      value = NOW()
  WHERE id = 1;
  SET SESSION TRANSACTION ISOLATION LEVEL REPEATABLE READ;
--	SET SESSION BINLOG_FORMAT = 'MIXED';
END
$$

DELIMITER ;

--
-- Create table `log`
--
CREATE TABLE log (
  id int UNSIGNED NOT NULL AUTO_INCREMENT,
  login varchar(255) DEFAULT NULL,
  move varchar(255) DEFAULT NULL,
  surname varchar(255) DEFAULT NULL,
  name varchar(50) DEFAULT NULL,
  dt datetime DEFAULT NULL,
  PRIMARY KEY (id)
)
ENGINE = INNODB,
AUTO_INCREMENT = 11,
AVG_ROW_LENGTH = 2730,
CHARACTER SET utf8mb4,
COLLATE utf8mb4_0900_ai_ci;

-- 
-- Dumping data for table region
--
INSERT INTO region VALUES
(1, 'Фокинский'),
(2, 'Советский');

-- 
-- Dumping data for table city
--
INSERT INTO city VALUES
(1, 1, 'Брянск'),
(2, 2, 'Орёл');

-- 
-- Dumping data for table type_of_institution
--
INSERT INTO type_of_institution VALUES
(1, 'Частная'),
(2, 'Автономная');

-- 
-- Dumping data for table district
--
INSERT INTO district VALUES
(1, 1, 'Брянская область'),
(2, 2, 'Орловская область');

-- 
-- Dumping data for table medical_institution
--
INSERT INTO medical_institution VALUES
(1, 'Больница 5', 1, 1, 1),
(2, 'Больница 4', 2, 2, 2);

-- 
-- Dumping data for table acces_level
--
INSERT INTO acces_level VALUES
(1, 'Администратор', 'Администратор'),
(2, 'Пользователь', 'Пользователь');

-- 
-- Dumping data for table user
--
INSERT INTO user VALUES
(1, 'admin', 'admin', '444', 1, 1),
(2, 'user', 'user', '444', 2, 2),
(3, 'qqq', 'qqq', ' ', 2, 1);

-- 
-- Dumping data for table post
--
INSERT INTO post VALUES
(1, 'Администратор', 50),
(2, 'Пользователь', 40);

-- 
-- Dumping data for table patient
--
INSERT INTO patient VALUES
(1, 'Sydney', 'Wilder', NULL, '(022) 5145 4655', 'М', '2', '2', '1', '24963', '82441328', 1, '2020-10-07 00:00:00'),
(2, 'Jacob', 'Dennis', NULL, '(016977) 4516', 'Ж', '2', '2', '2', '24952', '11193130', 1, '2012-05-24 00:00:00'),
(3, 'Uma', 'Hooper', NULL, '(016977) 7316', 'М', '2', '2', '2', '31706', '16180445', 0, '2014-12-11 00:00:00'),
(4, 'Bruce', 'Zimmerman', NULL, '(028) 1478 1721', 'М', '2', '1', '1', '38234', '43730715', 0, '2016-05-28 00:00:00'),
(5, 'Kermit', 'Bowers', NULL, '(016977) 9574', 'Ж', '1', '2', '1', '20495', '45061658', 1, '2010-01-02 00:00:00'),
(6, 'Lunea', 'Hurst', NULL, '0800 1111', 'М', '2', '1', '1', '39920', '59163459', 0, '2021-07-11 00:00:00'),
(7, 'Nayda', 'Kinney', NULL, '0500 736344', 'М', '2', '1', '2', '25191', '57544454', 0, '2022-06-15 00:00:00'),
(8, 'Lila', 'Thompson', NULL, '056 7533 7516', 'М', '2', '2', '1', '34686', '23922426', 0, '2011-10-02 00:00:00'),
(9, 'Kennedy', 'Payne', NULL, '076 4170 6475', 'М', '1', '2', '2', '48296', '54831947', 0, '2023-01-02 00:00:00'),
(10, 'Fletcher', 'Walls', NULL, '0845 46 40', 'М', '2', '1', '2', '30963', '75582665', 1, '2014-02-11 00:00:00'),
(11, 'Alden', 'Cortez', NULL, '(012278) 82474', 'М', '1', '1', '1', '15920', '65290749', 1, '2023-02-12 00:00:00'),
(12, 'Hu', 'Murray', NULL, '07182 210250', 'М', '2', '2', '2', '37101', '62143075', 1, '2011-11-15 00:00:00'),
(13, 'Veronica', 'Harper', NULL, '0800 771 5417', 'М', '1', '2', '2', '20071', '79205735', 0, '2014-11-05 00:00:00'),
(14, 'Hayden', 'Garrison', NULL, '055 4913 4287', 'Ж', '1', '2', '2', '12168', '25787848', 1, '2021-12-17 00:00:00'),
(15, 'Tana', 'Olson', NULL, '0500 154493', 'М', '2', '1', '2', '38790', '48030204', 1, '2010-05-11 00:00:00'),
(16, 'Rhona', 'Horton', NULL, '070 5796 4745', 'М', '2', '1', '1', '20388', '52455718', 1, '2017-06-17 00:00:00'),
(17, 'TaShya', 'Gonzalez', NULL, '0846 083 1431', 'Ж', '1', '1', '2', '28827', '11079740', 1, '2011-01-07 00:00:00'),
(18, 'Oren', 'Gillespie', NULL, '(016977) 9696', 'М', '2', '2', '1', '38950', '10094659', 0, '2017-08-25 00:00:00'),
(19, 'Kiara', 'Goodman', NULL, '076 3888 1052', 'М', '1', '2', '2', '40706', '12786844', 1, '2013-12-27 00:00:00'),
(20, 'McKenzie', 'Fox', NULL, '(0121) 034 4715', 'Ж', '1', '2', '1', '27045', '67381638', 1, '2018-10-09 00:00:00'),
(21, 'Gloria', 'Snyder', NULL, '(01646) 588825', 'М', '1', '2', '2', '36995', '35298560', 0, '2022-12-23 00:00:00'),
(22, 'Adrian', 'Mcgee', NULL, '(01678) 71235', 'Ж', '1', '1', '1', '45249', '44442996', 0, '2011-02-04 00:00:00'),
(23, 'Colleen', 'Guerrero', NULL, '0340 225 0478', 'М', '2', '2', '2', '21896', '71410464', 1, '2014-11-04 00:00:00'),
(24, 'Vladimir', 'Maynard', NULL, '07624 368642', 'М', '2', '1', '1', '21355', '61082765', 1, '2015-06-21 00:00:00'),
(25, 'Odessa', 'Morales', NULL, '0800 1111', 'М', '2', '2', '1', '20644', '42979713', 1, '2017-08-24 00:00:00'),
(26, 'Palmer', 'Johnson', NULL, '056 4184 2374', 'Ж', '2', '2', '1', '42533', '61633206', 1, '2011-05-20 00:00:00'),
(27, 'Galena', 'West', NULL, '(01872) 523312', 'Ж', '1', '2', '2', '10819', '27249113', 1, '2020-04-23 00:00:00'),
(28, 'Jaime', 'Osborne', NULL, '(017685) 34171', 'Ж', '1', '2', '2', '28656', '33780413', 1, '2022-10-10 00:00:00'),
(29, 'Nerea', 'Lawrence', NULL, '0967 652 8008', 'М', '2', '2', '1', '13881', '57601860', 1, '2018-06-08 00:00:00'),
(30, 'Baxter', 'Alvarado', NULL, '0800 1111', 'М', '2', '2', '1', '21653', '37613035', 1, '2013-01-07 00:00:00'),
(31, 'Jared', 'Rocha', NULL, '0800 525 7089', 'М', '1', '2', '1', '19987', '40797043', 0, '2010-04-09 00:00:00'),
(32, 'Keefe', 'Armstrong', NULL, '0845 46 42', 'М', '2', '1', '1', '43294', '82744688', 0, '2012-06-05 00:00:00'),
(33, 'Vaughan', 'Brennan', NULL, '(0116) 713 8014', 'Ж', '1', '1', '2', '39663', '36878973', 0, '2016-04-29 00:00:00'),
(34, 'Ann', 'Giles', NULL, '056 2881 3864', 'Ж', '1', '2', '1', '11209', '56005390', 1, '2022-03-18 00:00:00'),
(35, 'Laurel', 'Webster', NULL, '0800 106834', 'М', '1', '2', '1', '46658', '76965062', 1, '2013-10-05 00:00:00'),
(36, 'Abra', 'Garza', NULL, '0800 1111', 'Ж', '2', '1', '1', '17732', '69079517', 1, '2017-05-02 00:00:00'),
(37, 'Hamish', 'Mcdowell', NULL, '076 1145 9310', 'Ж', '2', '2', '1', '11755', '27750860', 0, '2021-11-29 00:00:00'),
(38, 'Amela', 'Mullins', NULL, '(01572) 647458', 'М', '1', '2', '2', '14786', '65599228', 1, '2019-12-28 00:00:00'),
(39, 'Lewis', 'Moses', NULL, '(0131) 534 6568', 'Ж', '1', '1', '1', '12224', '10152137', 0, '2010-01-06 00:00:00'),
(40, 'Cailin', 'Booth', NULL, '0800 967281', 'Ж', '1', '2', '2', '48626', '57818608', 0, '2014-03-23 00:00:00'),
(41, 'Ulric', 'Battle', NULL, '0800 624 9327', 'Ж', '1', '1', '2', '49858', '23802855', 1, '2023-01-13 00:00:00'),
(42, 'Oliver', 'Dawson', NULL, '(028) 4477 7914', 'М', '1', '1', '2', '43777', '86478786', 1, '2020-11-11 00:00:00'),
(43, 'Malik', 'Rasmussen', NULL, '0500 358517', 'Ж', '2', '1', '2', '42847', '41104958', 0, '2012-03-04 00:00:00'),
(44, 'Shoshana', 'Mayer', NULL, '076 2578 5631', 'Ж', '1', '2', '2', '36022', '50698149', 0, '2009-05-21 00:00:00'),
(45, 'Neve', 'Cox', NULL, '(0119) 292 6440', 'М', '2', '1', '1', '10169', '89685960', 0, '2012-12-18 00:00:00'),
(46, 'Beverly', 'Benton', NULL, '(01045) 41676', 'Ж', '2', '2', '1', '24244', '89165367', 0, '2022-04-13 00:00:00'),
(47, 'Nomlanga', 'Moore', NULL, '0835 368 0166', 'Ж', '1', '2', '2', '23908', '83971856', 1, '2009-01-03 00:00:00'),
(48, 'Leslie', 'Mullen', NULL, '0800 833 6357', 'М', '1', '1', '1', '12681', '39162308', 0, '2015-04-03 00:00:00'),
(49, 'Demetria', 'Hayes', NULL, '07624 427776', 'М', '1', '2', '2', '21053', '16501275', 0, '2017-08-23 00:00:00'),
(50, 'Zenia', 'Flores', NULL, '(011615) 16358', 'М', '1', '2', '2', '41775', '56652434', 0, '2016-04-01 00:00:00'),
(51, 'Nomlanga', 'Cline', NULL, '0800 353736', 'Ж', '1', '1', '2', '49250', '17182994', 1, '2010-12-12 00:00:00'),
(52, 'Josiah', 'Lewis', NULL, '0800 688 2435', 'Ж', '1', '1', '2', '28896', '35735752', 1, '2020-03-12 00:00:00'),
(53, 'Xandra', 'Owens', NULL, '(0116) 561 5436', 'Ж', '1', '1', '1', '26935', '45116818', 0, '2014-09-20 00:00:00'),
(54, 'Scarlett', 'Riggs', NULL, '(021) 3911 4782', 'М', '1', '1', '1', '38295', '78953658', 1, '2014-02-01 00:00:00'),
(55, 'Eve', 'Park', NULL, '(0191) 603 1487', 'Ж', '2', '1', '2', '17997', '24054992', 1, '2021-09-26 00:00:00'),
(56, 'Alvin', 'Witt', NULL, '(0181) 631 1157', 'Ж', '1', '1', '2', '27697', '48594266', 1, '2011-08-12 00:00:00'),
(57, 'Ciara', 'Donaldson', NULL, '(0117) 256 1658', 'Ж', '2', '1', '1', '12123', '89362760', 0, '2009-09-25 00:00:00'),
(58, 'Jade', 'Moreno', NULL, '055 7450 3757', 'М', '2', '2', '1', '41467', '70329675', 0, '2015-03-07 00:00:00'),
(59, 'Burke', 'Camacho', NULL, '070 4428 8829', 'М', '1', '2', '2', '47882', '13812773', 0, '2013-04-15 00:00:00'),
(60, 'Colton', 'Herrera', NULL, '07138 065663', 'М', '2', '1', '2', '39971', '68110733', 1, '2016-07-20 00:00:00'),
(61, 'Erasmus', 'Nguyen', NULL, '0500 714282', 'Ж', '2', '1', '1', '19094', '45448503', 1, '2016-05-25 00:00:00'),
(62, 'Maya', 'Garrison', NULL, '056 2475 4868', 'М', '2', '2', '2', '49694', '53466368', 0, '2020-05-19 00:00:00'),
(63, 'Prescott', 'Bean', NULL, '07624 271921', 'М', '2', '1', '1', '15519', '83701346', 1, '2021-09-06 00:00:00'),
(64, 'Leroy', 'Whitehead', NULL, '07624 795723', 'М', '2', '2', '1', '30263', '43382654', 0, '2016-07-20 00:00:00'),
(65, 'Yolanda', 'Montoya', NULL, '07624 057747', 'М', '2', '1', '1', '32943', '79002434', 1, '2021-01-13 00:00:00'),
(66, 'Quentin', 'Steele', NULL, '0800 322 0896', 'М', '1', '1', '2', '48165', '85668334', 1, '2008-09-23 00:00:00'),
(67, 'Illiana', 'Sexton', NULL, '07624 727398', 'Ж', '2', '1', '1', '33752', '52913779', 0, '2018-04-05 00:00:00'),
(68, 'Ishmael', 'Barton', NULL, '076 6292 8858', 'М', '1', '1', '1', '13648', '36377933', 0, '2022-04-02 00:00:00'),
(69, 'Jael', 'Pacheco', NULL, '070 3413 3654', 'Ж', '1', '2', '2', '38157', '60380547', 0, '2019-07-29 00:00:00'),
(70, 'Rashad', 'Conrad', NULL, '0839 167 5165', 'М', '1', '2', '1', '18270', '23677146', 1, '2017-06-24 00:00:00'),
(71, 'Larissa', 'Cruz', NULL, '0807 091 5238', 'М', '1', '1', '1', '14868', '16109582', 1, '2020-10-19 00:00:00'),
(72, 'Fleur', 'Rowe', NULL, '0961 530 7085', 'М', '1', '2', '1', '29246', '32532207', 1, '2014-04-02 00:00:00'),
(73, 'Roary', 'Hendrix', NULL, '(016853) 52859', 'М', '2', '1', '1', '22457', '22742979', 0, '2018-09-06 00:00:00'),
(74, 'Steven', 'Stanley', NULL, '0500 223916', 'М', '1', '1', '2', '11697', '14133770', 1, '2012-05-23 00:00:00'),
(75, 'Tate', 'Rowe', NULL, '0845 46 49', 'М', '2', '1', '2', '19814', '26816998', 1, '2011-06-17 00:00:00'),
(76, 'Ruby', 'Duke', NULL, '0312 755 4019', 'Ж', '2', '2', '1', '40182', '70729525', 1, '2017-08-21 00:00:00'),
(77, 'Sacha', 'Saunders', NULL, '(018213) 97333', 'М', '1', '1', '1', '17233', '24967220', 0, '2013-11-24 00:00:00'),
(78, 'Jaime', 'Bishop', NULL, '(01514) 87726', 'М', '1', '2', '2', '13686', '63102861', 1, '2010-03-20 00:00:00'),
(79, 'Daphne', 'Hester', NULL, '0800 1111', 'Ж', '1', '2', '1', '39031', '79125288', 0, '2023-04-18 00:00:00'),
(80, 'Lamar', 'Nash', NULL, '0800 531486', 'М', '1', '2', '2', '30855', '78566527', 0, '2015-04-15 00:00:00'),
(81, 'Plato', 'Andrews', NULL, '056 4255 4816', 'Ж', '1', '2', '2', '24214', '51501065', 1, '2013-12-01 00:00:00'),
(82, 'Josiah', 'Lancaster', NULL, '(01224) 251116', 'Ж', '2', '2', '1', '30409', '70703762', 0, '2013-12-09 00:00:00'),
(83, 'Isaiah', 'Mclaughlin', NULL, '0929 007 8468', 'М', '2', '1', '2', '36976', '20671046', 1, '2013-08-02 00:00:00'),
(84, 'Bell', 'Keith', NULL, '055 8556 3589', 'М', '1', '2', '2', '32976', '59432155', 0, '2022-07-23 00:00:00'),
(85, 'Denton', 'Bowers', NULL, '070 1793 8855', 'М', '1', '2', '2', '10205', '63227446', 1, '2013-06-18 00:00:00'),
(86, 'Whoopi', 'Hall', NULL, '0800 891712', 'Ж', '1', '2', '1', '46041', '40785009', 0, '2014-10-08 00:00:00'),
(87, 'Kameko', 'Glenn', NULL, '0800 1111', 'М', '2', '2', '1', '18940', '25058102', 0, '2016-04-05 00:00:00'),
(88, 'Jerry', 'Flynn', NULL, '(027) 6532 9761', 'Ж', '2', '1', '1', '26874', '22812294', 1, '2019-08-22 00:00:00'),
(89, 'Shelly', 'Foley', NULL, '0800 603334', 'Ж', '1', '1', '1', '33471', '52031014', 1, '2014-05-24 00:00:00'),
(90, 'Karly', 'Maddox', NULL, '076 0295 7482', 'Ж', '1', '1', '1', '45171', '65966690', 0, '2016-12-26 00:00:00'),
(91, 'Sonya', 'Clements', NULL, '0800 165 6525', 'М', '1', '1', '2', '34089', '36845956', 0, '2017-04-09 00:00:00'),
(92, 'Fleur', 'Mueller', NULL, '(016154) 64773', 'М', '2', '1', '1', '15356', '87519537', 1, '2020-05-28 00:00:00'),
(93, 'Demetrius', 'Pope', NULL, '055 1474 1860', 'Ж', '2', '1', '1', '21944', '25688606', 1, '2019-01-26 00:00:00'),
(94, 'Dean', 'O''donnell', NULL, '0845 46 42', 'М', '1', '2', '1', '25796', '87273852', 1, '2019-02-05 00:00:00'),
(95, 'Noah', 'Buchanan', NULL, '070 7560 4511', 'М', '1', '1', '1', '31252', '35348846', 1, '2011-09-07 00:00:00'),
(96, 'Regan', 'Meyers', NULL, '0800 461 1908', 'М', '1', '1', '1', '36585', '47578550', 0, '2013-08-31 00:00:00'),
(97, 'Vincent', 'Stone', NULL, '076 7748 3751', 'М', '1', '1', '2', '13001', '69270612', 0, '2010-09-19 00:00:00'),
(98, 'Ian', 'Gray', NULL, '0315 152 9397', 'М', '1', '1', '1', '31792', '52851598', 0, '2016-07-07 00:00:00'),
(99, 'Molly', 'Kramer', NULL, '07657 667732', 'Ж', '1', '1', '2', '38942', '33830476', 0, '2020-08-17 00:00:00'),
(100, 'Olga', 'Roberts', NULL, '07225 451701', 'Ж', '2', '1', '2', '29861', '67254672', 0, '2017-12-15 00:00:00'),
(101, 'Hakeem', 'Burt', NULL, '(01397) 851861', 'М', '1', '2', '2', '33563', '72447738', 0, '2020-02-10 00:00:00'),
(102, 'Rylee', 'Matthews', NULL, '(014471) 34667', 'М', '1', '2', '1', '42856', '19496785', 0, '2013-03-10 00:00:00'),
(103, 'Kato', 'Lambert', NULL, '076 3454 7818', 'Ж', '2', '2', '2', '47721', '15516682', 1, '2010-03-04 00:00:00'),
(104, 'Veda', 'Noble', NULL, '07272 872093', 'Ж', '2', '1', '2', '15589', '22945567', 1, '2012-04-13 00:00:00'),
(105, 'Martina', 'Maddox', NULL, '0813 651 2686', 'Ж', '1', '2', '1', '11587', '44761632', 1, '2021-06-06 00:00:00'),
(106, 'Emi', 'Mclean', NULL, '0800 247217', 'М', '2', '2', '1', '19740', '23386502', 1, '2018-08-21 00:00:00'),
(107, 'Keith', 'Vega', NULL, '(016977) 0588', 'Ж', '2', '2', '1', '37119', '17521244', 0, '2020-06-22 00:00:00'),
(108, 'Yasir', 'Robbins', NULL, '(016156) 48260', 'Ж', '2', '2', '1', '46117', '45726572', 1, '2008-09-28 00:00:00'),
(109, 'Ila', 'Keller', NULL, '0315 321 8205', 'М', '2', '2', '1', '49158', '61032945', 0, '2021-10-27 00:00:00'),
(110, 'Maggie', 'Burris', NULL, '0500 285377', 'М', '2', '1', '2', '15822', '83112864', 0, '2022-10-02 00:00:00'),
(111, 'Rhona', 'Workman', NULL, '0998 568 1117', 'Ж', '2', '1', '2', '17930', '61484132', 0, '2012-08-12 00:00:00'),
(112, 'Urielle', 'Parrish', NULL, '0845 46 42', 'Ж', '1', '1', '2', '10440', '40405271', 1, '2015-07-20 00:00:00'),
(113, 'Madeline', 'Sanford', NULL, '(016977) 7622', 'Ж', '2', '1', '1', '21214', '15480616', 1, '2019-01-12 00:00:00'),
(114, 'Bryar', 'Mathews', NULL, '(01487) 373181', 'Ж', '1', '2', '2', '19459', '50964839', 1, '2010-12-25 00:00:00'),
(115, 'Rahim', 'Foreman', NULL, '(01395) 71424', 'Ж', '2', '1', '2', '26645', '55321049', 1, '2021-08-10 00:00:00'),
(116, 'Margaret', 'Johns', NULL, '07624 844707', 'Ж', '2', '1', '2', '42354', '23517117', 1, '2009-02-13 00:00:00'),
(117, 'Adam', 'Mcdaniel', NULL, '0952 117 3797', 'М', '2', '2', '2', '40433', '35419214', 0, '2016-08-01 00:00:00'),
(118, 'Edward', 'Farley', NULL, '0875 211 2786', 'Ж', '1', '1', '1', '32335', '80654299', 0, '2010-03-10 00:00:00'),
(119, 'Sydney', 'Emerson', NULL, '0800 748422', 'М', '1', '2', '2', '43020', '66881700', 1, '2008-12-19 00:00:00'),
(120, 'Orson', 'Nelson', NULL, '070 8484 4773', 'Ж', '2', '1', '2', '44125', '10977902', 0, '2010-08-08 00:00:00'),
(121, 'Norman', 'Merritt', NULL, '0824 798 2875', 'М', '2', '2', '1', '15888', '67799841', 0, '2016-04-27 00:00:00'),
(122, 'Mufutau', 'Alford', NULL, '07624 389452', 'Ж', '1', '2', '2', '36949', '56252074', 1, '2017-10-25 00:00:00'),
(123, 'Connor', 'Marks', NULL, '07624 324926', 'М', '2', '2', '2', '46181', '78078982', 0, '2018-12-03 00:00:00'),
(124, 'Richard', 'Manning', NULL, '055 7760 3268', 'М', '2', '2', '2', '31725', '40712149', 0, '2017-02-18 00:00:00'),
(125, 'Jordan', 'Lynn', NULL, '055 0774 7828', 'Ж', '1', '2', '2', '10718', '29282621', 0, '2011-02-02 00:00:00'),
(126, 'Eliana', 'Holloway', NULL, '07615 305288', 'М', '1', '2', '1', '28904', '80257288', 1, '2018-11-08 00:00:00'),
(127, 'Darrel', 'Sawyer', NULL, '(017657) 33461', 'М', '1', '1', '2', '33233', '64784306', 0, '2021-09-05 00:00:00'),
(128, 'Bell', 'Moreno', NULL, '(01682) 565496', 'М', '1', '2', '1', '18502', '81292033', 0, '2009-10-29 00:00:00'),
(129, 'Clinton', 'Davidson', NULL, '0800 734083', 'Ж', '2', '1', '1', '36785', '28926440', 0, '2011-02-02 00:00:00'),
(130, 'Abdul', 'Heath', NULL, '0800 1111', 'Ж', '1', '1', '2', '41626', '69330523', 0, '2021-03-24 00:00:00'),
(131, 'Nora', 'Lawrence', NULL, '0321 586 0481', 'М', '2', '2', '2', '44743', '52288903', 1, '2009-08-13 00:00:00'),
(132, 'Jocelyn', 'Craft', NULL, '(017818) 36155', 'Ж', '1', '2', '2', '14905', '41787720', 1, '2010-10-15 00:00:00'),
(133, 'Tatyana', 'Watson', NULL, '056 2120 5343', 'М', '1', '1', '2', '45012', '59145585', 1, '2015-10-02 00:00:00'),
(134, 'Kyle', 'Dudley', NULL, '07943 513730', 'М', '2', '1', '2', '21857', '49715382', 0, '2010-08-26 00:00:00'),
(135, 'Miriam', 'Maynard', NULL, '0800 366258', 'Ж', '2', '1', '2', '23836', '45123809', 0, '2019-09-11 00:00:00'),
(136, 'Chadwick', 'Padilla', NULL, '(01248) 69861', 'М', '1', '2', '1', '36257', '47431027', 0, '2019-04-30 00:00:00'),
(137, 'Yasir', 'Dodson', NULL, '0800 1111', 'М', '1', '1', '1', '44676', '16763227', 0, '2022-09-07 00:00:00'),
(138, 'Malachi', 'Lindsay', NULL, '0375 818 6731', 'Ж', '2', '1', '2', '34535', '61798260', 1, '2020-11-12 00:00:00'),
(139, 'Hollee', 'Barry', NULL, '0800 688586', 'М', '2', '1', '1', '15866', '25759217', 0, '2012-10-28 00:00:00'),
(140, 'Noble', 'Garner', NULL, '0379 895 1051', 'М', '1', '1', '2', '31505', '85652936', 1, '2010-12-30 00:00:00'),
(141, 'Giacomo', 'Hardin', NULL, '0800 1111', 'М', '1', '1', '2', '10705', '87962876', 0, '2015-09-19 00:00:00'),
(142, 'Brandon', 'Flynn', NULL, '076 5348 7442', 'М', '1', '2', '1', '24092', '89852937', 0, '2016-12-08 00:00:00'),
(143, 'Jack', 'Pratt', NULL, '0848 411 1315', 'Ж', '2', '1', '2', '25264', '13968921', 1, '2012-07-31 00:00:00'),
(144, 'Lucy', 'Mullins', NULL, '0800 1111', 'Ж', '1', '1', '1', '17184', '64106489', 1, '2009-12-21 00:00:00'),
(145, 'Demetria', 'Duncan', NULL, '(016977) 6358', 'Ж', '1', '1', '1', '17511', '34713038', 1, '2016-05-05 00:00:00'),
(146, 'Colton', 'Lawrence', NULL, '0315 457 8323', 'М', '1', '2', '2', '17958', '23668798', 0, '2015-09-10 00:00:00'),
(147, 'Xantha', 'Strong', NULL, '0306 217 6597', 'Ж', '1', '2', '1', '19506', '59008804', 1, '2022-10-21 00:00:00'),
(148, 'Noelani', 'House', NULL, '0365 469 5749', 'Ж', '2', '2', '2', '13367', '65147145', 0, '2013-05-02 00:00:00'),
(149, 'Sara', 'Stewart', NULL, '076 3099 5408', 'Ж', '1', '2', '2', '23664', '64214423', 1, '2019-05-09 00:00:00'),
(150, 'Nash', 'Gill', NULL, '0800 1111', 'М', '2', '2', '1', '29158', '16808231', 0, '2019-07-30 00:00:00'),
(151, 'Louis', 'Boone', NULL, '076 8477 8882', 'Ж', '1', '1', '2', '15130', '73202295', 1, '2015-02-25 00:00:00'),
(152, 'Branden', 'Wilcox', NULL, '(01338) 371815', 'Ж', '2', '2', '1', '40467', '41287150', 0, '2022-04-28 00:00:00'),
(153, 'Mufutau', 'Matthews', NULL, '0927 061 2327', 'М', '2', '1', '1', '17684', '75425334', 1, '2013-11-28 00:00:00'),
(154, 'Vera', 'Hurst', NULL, '0800 1111', 'Ж', '2', '2', '2', '17200', '74829065', 0, '2017-12-01 00:00:00'),
(155, 'Jacob', 'Harper', NULL, '(01675) 523222', 'М', '1', '2', '2', '17964', '13776483', 0, '2010-07-28 00:00:00'),
(156, 'Melvin', 'Delaney', NULL, '0800 260753', 'Ж', '1', '1', '1', '32997', '56850567', 1, '2017-02-11 00:00:00'),
(157, 'Chiquita', 'Gay', NULL, '(0191) 662 4262', 'М', '2', '2', '1', '20903', '65438036', 0, '2021-12-08 00:00:00'),
(158, 'Julie', 'Berry', NULL, '(01256) 825831', 'Ж', '1', '2', '2', '48581', '52757786', 0, '2015-04-10 00:00:00'),
(159, 'Wendy', 'Everett', NULL, '0500 170916', 'Ж', '1', '2', '2', '18133', '30791235', 1, '2017-12-05 00:00:00'),
(160, 'Victoria', 'Acevedo', NULL, '0897 154 5633', 'Ж', '2', '2', '1', '37006', '53286652', 1, '2017-04-10 00:00:00'),
(161, 'Gareth', 'Estrada', NULL, '07624 074181', 'М', '1', '2', '2', '45871', '14989614', 0, '2011-12-27 00:00:00'),
(162, 'Aretha', 'Giles', NULL, '0999 442 8458', 'М', '1', '2', '2', '30758', '50344077', 1, '2014-12-31 00:00:00'),
(163, 'Zephania', 'Jimenez', NULL, '07685 496313', 'Ж', '2', '1', '1', '16285', '89366983', 1, '2010-10-14 00:00:00'),
(164, 'Kylie', 'Owens', NULL, '0500 824554', 'М', '2', '1', '1', '34526', '78551280', 1, '2021-10-29 00:00:00'),
(165, 'Keegan', 'King', NULL, '0800 1111', 'Ж', '1', '2', '2', '14691', '52632735', 1, '2016-01-09 00:00:00'),
(166, 'Sage', 'Emerson', NULL, '0348 767 3882', 'М', '2', '2', '1', '36888', '13902465', 0, '2017-01-17 00:00:00'),
(167, 'Cody', 'Bass', NULL, '0800 1111', 'М', '1', '2', '2', '24692', '32858068', 0, '2016-08-02 00:00:00'),
(168, 'Tucker', 'Hull', NULL, '0800 868 7318', 'М', '1', '1', '2', '12070', '87062757', 1, '2020-02-06 00:00:00'),
(169, 'Hoyt', 'Holden', NULL, '0845 46 47', 'Ж', '1', '1', '2', '17412', '73987561', 0, '2017-12-05 00:00:00'),
(170, 'Tate', 'Good', NULL, '0845 46 45', 'М', '1', '2', '1', '23765', '15795083', 1, '2016-03-21 00:00:00'),
(171, 'Shad', 'Pierce', NULL, '0500 262112', 'М', '1', '2', '1', '41709', '27970151', 0, '2019-11-01 00:00:00'),
(172, 'Jordan', 'West', NULL, '(0131) 783 6527', 'М', '2', '2', '1', '36099', '22888295', 0, '2022-07-16 00:00:00'),
(173, 'Aileen', 'Gordon', NULL, '(0112) 745 7141', 'Ж', '1', '1', '2', '46290', '69628043', 0, '2015-05-25 00:00:00'),
(174, 'Brooke', 'Gamble', NULL, '055 4694 6297', 'М', '2', '2', '1', '41325', '53526335', 1, '2016-01-07 00:00:00'),
(175, 'Boris', 'Sykes', NULL, '0845 46 42', 'М', '1', '2', '1', '32270', '71587579', 1, '2021-07-24 00:00:00'),
(176, 'Stacy', 'Conway', NULL, '(0112) 138 3233', 'М', '2', '1', '1', '35040', '19049630', 0, '2009-11-08 00:00:00'),
(177, 'Rhona', 'Boone', NULL, '055 8862 5247', 'М', '2', '1', '2', '25445', '32962210', 1, '2017-02-13 00:00:00'),
(178, 'Allegra', 'Martin', NULL, '076 7053 3372', 'Ж', '1', '1', '1', '17899', '77493989', 0, '2014-11-15 00:00:00'),
(179, 'Mechelle', 'Gonzales', NULL, '0845 46 48', 'Ж', '1', '2', '1', '43271', '22916977', 1, '2009-08-17 00:00:00'),
(180, 'Keaton', 'Graham', NULL, '(028) 8852 8665', 'М', '1', '2', '2', '21007', '68985737', 1, '2009-01-11 00:00:00'),
(181, 'Amity', 'Rose', NULL, '0838 191 3426', 'М', '2', '2', '2', '24502', '56727252', 1, '2021-04-08 00:00:00'),
(182, 'Noah', 'Kline', NULL, '(0111) 152 8714', 'М', '2', '1', '1', '32090', '85447892', 0, '2012-07-28 00:00:00'),
(183, 'Ima', 'Chen', NULL, '070 7811 4585', 'Ж', '1', '1', '1', '27982', '84599089', 1, '2021-03-28 00:00:00'),
(184, 'Cleo', 'Nielsen', NULL, '0500 814367', 'Ж', '2', '1', '1', '34393', '56432904', 0, '2010-07-26 00:00:00'),
(185, 'Vladimir', 'Boyer', NULL, '(01642) 633480', 'М', '1', '2', '2', '26050', '41927677', 0, '2009-08-07 00:00:00'),
(186, 'Ashely', 'Ferrell', NULL, '(019648) 01259', 'М', '1', '2', '1', '14666', '35406810', 0, '2019-06-16 00:00:00'),
(187, 'Gil', 'Atkins', NULL, '0800 163 6131', 'М', '1', '2', '2', '30634', '65239366', 0, '2023-01-27 00:00:00'),
(188, 'Kylan', 'Carter', NULL, '(016977) 1664', 'Ж', '1', '2', '1', '37215', '61952579', 1, '2018-11-27 00:00:00'),
(189, 'Kato', 'Merrill', NULL, '(029) 2632 7922', 'М', '1', '2', '2', '33136', '84964780', 1, '2009-07-26 00:00:00'),
(190, 'Jenette', 'Skinner', NULL, '070 4114 6868', 'М', '1', '2', '2', '26692', '72479584', 0, '2022-06-11 00:00:00'),
(191, 'Cassidy', 'Robles', NULL, '0938 733 4511', 'М', '2', '2', '2', '41475', '30155185', 0, '2012-12-19 00:00:00'),
(192, 'Barbara', 'Herring', NULL, '0891 128 6718', 'Ж', '2', '1', '2', '11196', '53624914', 1, '2020-10-08 00:00:00'),
(193, 'Matthew', 'Jordan', NULL, '055 0376 2876', 'М', '1', '2', '2', '43060', '26440653', 0, '2019-11-20 00:00:00'),
(194, 'Violet', 'Wheeler', NULL, '(022) 1777 8520', 'М', '1', '1', '2', '18281', '26258995', 0, '2008-07-04 00:00:00'),
(195, 'Lyle', 'Skinner', NULL, '0814 384 3726', 'Ж', '2', '1', '1', '34007', '83877995', 1, '2017-08-01 00:00:00'),
(196, 'Christian', 'Rios', NULL, '0818 226 4485', 'М', '1', '1', '1', '19039', '78000231', 0, '2010-01-12 00:00:00'),
(197, 'Grady', 'Patterson', NULL, '07672 345097', 'Ж', '2', '1', '1', '24715', '85671086', 0, '2012-02-29 00:00:00'),
(198, 'Eliana', 'Stanley', NULL, '0500 355123', 'Ж', '1', '2', '2', '21202', '88530400', 1, '2013-08-05 00:00:00'),
(199, 'Lysandra', 'Snyder', NULL, '0845 46 48', 'Ж', '2', '2', '2', '20673', '41718987', 1, '2019-03-30 00:00:00'),
(200, 'Roanna', 'Mcdonald', NULL, '0500 374458', 'М', '1', '2', '2', '49245', '38558271', 1, '2010-03-16 00:00:00'),
(201, 'Keegan', 'Hays', NULL, '0318 357 1684', 'Ж', '1', '2', '2', '19666', '69693306', 0, '2014-06-23 00:00:00'),
(202, 'Ina', 'Sykes', NULL, '0800 1111', 'М', '1', '2', '2', '37541', '57232786', 1, '2017-06-24 00:00:00'),
(203, 'Briar', 'Berger', NULL, '(0117) 986 8827', 'Ж', '1', '2', '2', '41803', '34249869', 0, '2014-08-31 00:00:00'),
(204, 'Petra', 'Bowman', NULL, '07624 669258', 'М', '2', '2', '2', '43859', '46719903', 0, '2016-06-11 00:00:00'),
(205, 'Kamal', 'Chandler', NULL, '0892 693 2310', 'М', '2', '1', '1', '35969', '20365018', 0, '2022-09-10 00:00:00'),
(206, 'Marshall', 'Avery', NULL, '(016977) 3562', 'М', '1', '1', '1', '13216', '38413786', 0, '2019-01-28 00:00:00'),
(207, 'Inga', 'House', NULL, '(025) 4753 3460', 'М', '2', '1', '1', '35463', '45677810', 0, '2017-08-01 00:00:00'),
(208, 'Ora', 'Ferguson', NULL, '0961 349 2294', 'Ж', '1', '2', '2', '40403', '47845276', 0, '2019-03-16 00:00:00'),
(209, 'Lydia', 'Bartlett', NULL, '(0116) 489 3355', 'Ж', '1', '2', '1', '46884', '35777500', 0, '2011-07-26 00:00:00'),
(210, 'Brittany', 'May', NULL, '070 7975 0277', 'М', '1', '1', '1', '32312', '76568108', 0, '2022-05-10 00:00:00'),
(211, 'Gemma', 'Conley', NULL, '(0131) 506 7538', 'Ж', '1', '1', '2', '46018', '48611138', 0, '2016-06-18 00:00:00'),
(212, 'Aphrodite', 'Marks', NULL, '0500 257329', 'Ж', '2', '2', '1', '47704', '68583729', 1, '2020-01-11 00:00:00'),
(213, 'Beau', 'Sparks', NULL, '(0191) 555 6801', 'Ж', '2', '1', '1', '20582', '27349289', 1, '2013-05-10 00:00:00'),
(214, 'Boris', 'Mckenzie', NULL, '076 4169 0863', 'М', '2', '1', '2', '48543', '79023858', 1, '2014-04-13 00:00:00'),
(215, 'Perry', 'Valenzuela', NULL, '056 4944 4267', 'Ж', '2', '1', '1', '14118', '19116782', 0, '2009-07-31 00:00:00'),
(216, 'Owen', 'Walton', NULL, '0800 1111', 'Ж', '1', '2', '1', '20579', '61963453', 0, '2020-10-09 00:00:00'),
(217, 'Rosalyn', 'Mayo', NULL, '0500 402647', 'Ж', '2', '1', '1', '15886', '63722793', 1, '2021-07-12 00:00:00'),
(218, 'Desiree', 'Britt', NULL, '0800 393126', 'Ж', '1', '2', '2', '27485', '13180836', 0, '2022-07-14 00:00:00'),
(219, 'Driscoll', 'Dawson', NULL, '0800 1111', 'М', '2', '2', '1', '27687', '80520884', 0, '2017-05-18 00:00:00'),
(220, 'Alexander', 'Skinner', NULL, '0836 808 1355', 'Ж', '2', '2', '1', '36614', '88068273', 0, '2020-07-17 00:00:00'),
(221, 'Hadassah', 'Morin', NULL, '0800 026292', 'Ж', '2', '1', '2', '48277', '70840958', 0, '2017-03-11 00:00:00'),
(222, 'Yoko', 'Saunders', NULL, '(0112) 888 6618', 'М', '2', '2', '2', '36487', '49721766', 1, '2019-01-15 00:00:00'),
(223, 'Forrest', 'Blackburn', NULL, '(016977) 3547', 'М', '2', '2', '1', '38936', '79647132', 0, '2022-01-17 00:00:00'),
(224, 'Troy', 'Macdonald', NULL, '(0161) 765 3735', 'М', '2', '2', '2', '25216', '17534005', 1, '2022-04-05 00:00:00'),
(225, 'Bruce', 'Stein', NULL, '(013747) 62355', 'Ж', '2', '2', '1', '38584', '66581331', 1, '2011-05-05 00:00:00'),
(226, 'Jennifer', 'Dixon', NULL, '(016977) 1211', 'М', '2', '1', '2', '41392', '26942304', 0, '2009-10-31 00:00:00'),
(227, 'Evelyn', 'Cross', NULL, '0800 1111', 'М', '1', '2', '1', '44966', '72279913', 0, '2008-08-25 00:00:00'),
(228, 'Cole', 'Mckinney', NULL, '055 7163 2084', 'М', '1', '2', '1', '38708', '63304099', 1, '2016-04-08 00:00:00'),
(229, 'Desiree', 'Armstrong', NULL, '0800 453 2687', 'М', '2', '1', '1', '18450', '71894773', 1, '2013-05-20 00:00:00'),
(230, 'Kato', 'Kidd', NULL, '055 8722 4440', 'М', '1', '2', '1', '17707', '10776491', 1, '2021-07-17 00:00:00'),
(231, 'Lenore', 'Cole', NULL, '(0181) 014 8669', 'Ж', '1', '1', '2', '37732', '36106271', 1, '2022-07-12 00:00:00'),
(232, 'Indigo', 'Powell', NULL, '0800 586 5348', 'Ж', '1', '1', '2', '24751', '16602879', 1, '2016-05-16 00:00:00'),
(233, 'Angela', 'Velasquez', NULL, '07624 354488', 'М', '1', '1', '1', '48386', '38005979', 1, '2018-06-02 00:00:00'),
(234, 'Shoshana', 'Shaw', NULL, '0302 021 2512', 'М', '2', '2', '2', '44130', '31882560', 1, '2013-07-23 00:00:00'),
(235, 'Drew', 'Olson', NULL, '(024) 6633 4184', 'Ж', '1', '1', '1', '48697', '57664987', 1, '2008-09-03 00:00:00'),
(236, 'Tad', 'Miller', NULL, '056 6263 8595', 'Ж', '2', '1', '1', '41477', '56411817', 0, '2011-01-15 00:00:00'),
(237, 'Odysseus', 'Bell', NULL, '0829 445 1477', 'М', '1', '2', '2', '36937', '85305698', 0, '2022-05-29 00:00:00'),
(238, 'Bevis', 'Riley', NULL, '(0114) 668 0711', 'М', '1', '1', '1', '36080', '26612629', 0, '2023-02-12 00:00:00'),
(239, 'Aristotle', 'Davenport', NULL, '0845 46 41', 'М', '2', '1', '2', '18996', '40267166', 1, '2014-01-07 00:00:00'),
(240, 'Tad', 'Powell', NULL, '(0116) 113 5528', 'М', '1', '1', '1', '24065', '86563318', 1, '2021-10-04 00:00:00'),
(241, 'Rose', 'Fitzpatrick', NULL, '0304 115 3305', 'М', '1', '2', '2', '19575', '52738907', 0, '2011-08-17 00:00:00'),
(242, 'Lewis', 'Curtis', NULL, '0800 560617', 'Ж', '1', '1', '2', '39036', '89974821', 1, '2010-07-19 00:00:00'),
(243, 'Zelenia', 'Burns', NULL, '(015164) 61052', 'Ж', '2', '2', '2', '15832', '65989689', 1, '2009-12-22 00:00:00'),
(244, 'Cairo', 'Fulton', NULL, '(01412) 873782', 'М', '2', '2', '1', '48593', '46572830', 0, '2014-04-19 00:00:00'),
(245, 'Channing', 'Todd', NULL, '(0112) 954 3292', 'Ж', '1', '1', '2', '15837', '36716728', 1, '2014-06-22 00:00:00'),
(246, 'Iliana', 'Munoz', NULL, '0800 217 7332', 'Ж', '1', '2', '1', '41352', '85624556', 0, '2022-03-29 00:00:00'),
(247, 'Lester', 'Galloway', NULL, '0500 228391', 'М', '1', '2', '1', '12343', '27484501', 1, '2022-03-24 00:00:00'),
(248, 'Ryder', 'Strong', NULL, '(01725) 31497', 'М', '2', '2', '1', '13655', '75124254', 1, '2020-08-17 00:00:00'),
(249, 'Omar', 'Hubbard', NULL, '(018537) 87692', 'Ж', '1', '1', '2', '39644', '14861626', 0, '2010-04-21 00:00:00'),
(250, 'Tarik', 'Alvarez', NULL, '0331 516 6919', 'Ж', '2', '2', '1', '39565', '85557091', 1, '2020-03-12 00:00:00'),
(251, 'Cameron', 'Doyle', NULL, '(01502) 13660', 'М', '2', '1', '1', '36117', '74947668', 1, '2023-02-13 00:00:00'),
(252, 'Kiara', 'Anderson', NULL, '0800 1111', 'М', '1', '2', '2', '40883', '35588382', 0, '2009-02-24 00:00:00'),
(253, 'Wilma', 'Love', NULL, '(0161) 712 2792', 'Ж', '2', '2', '2', '16225', '79224002', 0, '2017-07-22 00:00:00'),
(254, 'Priscilla', 'Vance', NULL, '0845 46 44', 'М', '1', '1', '1', '49958', '51340147', 0, '2022-08-02 00:00:00'),
(255, 'Oscar', 'Waters', NULL, '055 1917 5136', 'М', '1', '1', '1', '24962', '15481747', 1, '2021-01-21 00:00:00'),
(256, 'Hayes', 'Wiggins', NULL, '0800 1111', 'М', '2', '2', '2', '16467', '51584480', 0, '2009-01-28 00:00:00'),
(257, 'Demetrius', 'O''donnell', NULL, '(015685) 26858', 'М', '2', '1', '2', '37465', '47554863', 0, '2020-05-17 00:00:00'),
(258, 'Alma', 'Richard', NULL, '070 8926 4532', 'М', '2', '2', '1', '20695', '81990584', 0, '2022-04-26 00:00:00'),
(259, 'Ariana', 'Mckee', NULL, '(0141) 193 4862', 'Ж', '1', '1', '1', '10516', '56871056', 0, '2010-07-25 00:00:00'),
(260, 'Davis', 'Ratliff', NULL, '(0151) 845 0532', 'Ж', '2', '1', '2', '24854', '33309035', 1, '2012-11-23 00:00:00'),
(261, 'Iola', 'Wooten', NULL, '(01951) 13116', 'Ж', '2', '2', '2', '29603', '61172758', 1, '2017-06-30 00:00:00'),
(262, 'Prescott', 'Best', NULL, '(0151) 211 8089', 'М', '1', '1', '1', '32198', '49321845', 1, '2022-09-20 00:00:00'),
(263, 'Paloma', 'Richard', NULL, '0370 077 2443', 'Ж', '1', '2', '1', '19347', '60750092', 1, '2016-12-10 00:00:00'),
(264, 'Keefe', 'Watson', NULL, '0346 138 1050', 'Ж', '1', '1', '2', '46689', '51804216', 1, '2020-12-30 00:00:00'),
(265, 'Carter', 'Calderon', NULL, '056 4511 1443', 'М', '2', '1', '1', '23080', '79928313', 0, '2021-08-31 00:00:00'),
(266, 'Fletcher', 'Barlow', NULL, '(016977) 1834', 'М', '2', '1', '2', '23443', '68432114', 0, '2022-05-15 00:00:00'),
(267, 'Clark', 'Parrish', NULL, '(0151) 834 2863', 'М', '2', '2', '2', '33193', '59090192', 1, '2013-09-21 00:00:00'),
(268, 'Vivian', 'Rice', NULL, '0800 1111', 'Ж', '2', '2', '2', '19371', '70159048', 1, '2009-08-09 00:00:00'),
(269, 'Hedda', 'Fox', NULL, '07624 753018', 'Ж', '1', '1', '2', '35133', '10883831', 1, '2012-04-02 00:00:00'),
(270, 'Adria', 'Oneil', NULL, '0866 145 8660', 'М', '2', '1', '2', '32195', '66370547', 1, '2019-07-09 00:00:00'),
(271, 'Hedy', 'Sweet', NULL, '(01678) 61424', 'Ж', '2', '2', '2', '11846', '32868709', 1, '2019-08-28 00:00:00'),
(272, 'Brody', 'Robertson', NULL, '(0118) 734 6321', 'Ж', '1', '1', '2', '37456', '60293839', 1, '2010-01-01 00:00:00'),
(273, 'Quinn', 'Trevino', NULL, '(016977) 7638', 'М', '2', '2', '1', '42086', '23002207', 1, '2022-09-30 00:00:00'),
(274, 'Chancellor', 'Hill', NULL, '(018489) 33961', 'М', '1', '1', '1', '15154', '10386381', 0, '2019-07-07 00:00:00'),
(275, 'Imelda', 'Tucker', NULL, '0312 791 8777', 'Ж', '2', '2', '2', '19448', '60185181', 1, '2012-02-04 00:00:00'),
(276, 'Bradley', 'Olson', NULL, '(0118) 435 5661', 'Ж', '2', '2', '1', '25871', '63609957', 0, '2016-01-04 00:00:00'),
(277, 'Ariana', 'Snyder', NULL, '070 1550 9633', 'М', '2', '2', '1', '47216', '88375366', 1, '2014-03-11 00:00:00'),
(278, 'Jason', 'Snyder', NULL, '0500 664868', 'Ж', '1', '1', '2', '35311', '11541246', 1, '2017-11-17 00:00:00'),
(279, 'Daryl', 'Bowman', NULL, '0800 1111', 'М', '1', '2', '1', '21490', '15019315', 0, '2021-07-04 00:00:00'),
(280, 'Zeus', 'Rose', NULL, '0853 531 7640', 'Ж', '1', '2', '1', '40789', '45301825', 1, '2017-04-17 00:00:00'),
(281, 'Hollee', 'Whitney', NULL, '(01643) 02818', 'М', '1', '2', '1', '46142', '84613328', 1, '2015-09-22 00:00:00'),
(282, 'Emmanuel', 'Craft', NULL, '0854 244 7923', 'М', '2', '2', '1', '36406', '80198113', 0, '2022-01-06 00:00:00'),
(283, 'Teagan', 'Newman', NULL, '(015746) 18066', 'М', '1', '2', '2', '19130', '17443436', 1, '2013-10-10 00:00:00'),
(284, 'Bo', 'Hodges', NULL, '0800 981504', 'Ж', '1', '1', '1', '18992', '49857724', 0, '2011-05-21 00:00:00'),
(285, 'Megan', 'Booth', NULL, '07774 141806', 'М', '2', '2', '1', '30714', '48459020', 1, '2019-01-24 00:00:00'),
(286, 'Karly', 'Taylor', NULL, '(021) 0183 6119', 'М', '2', '1', '1', '40763', '75746960', 1, '2009-09-01 00:00:00'),
(287, 'Calista', 'Stephenson', NULL, '0320 218 7656', 'М', '2', '2', '2', '46087', '53614662', 1, '2022-03-05 00:00:00'),
(288, 'Porter', 'Whitehead', NULL, '07161 121257', 'М', '1', '1', '2', '37748', '52897336', 0, '2016-05-03 00:00:00'),
(289, 'Quintessa', 'Franco', NULL, '0800 133638', 'Ж', '1', '2', '2', '44634', '43824253', 1, '2013-12-14 00:00:00'),
(290, 'Sydnee', 'Martinez', NULL, '0845 46 42', 'М', '2', '2', '1', '44502', '41079472', 1, '2010-11-28 00:00:00'),
(291, 'Octavius', 'Roy', NULL, '056 4203 5133', 'Ж', '1', '1', '2', '40019', '52016307', 0, '2017-10-09 00:00:00'),
(292, 'Jolene', 'Austin', NULL, '(0118) 533 7409', 'М', '1', '2', '1', '30683', '17308312', 0, '2010-09-14 00:00:00'),
(293, 'Veronica', 'Gordon', NULL, '(01555) 172103', 'Ж', '1', '2', '1', '40574', '79697495', 1, '2010-12-18 00:00:00'),
(294, 'Octavia', 'Sparks', NULL, '0845 46 48', 'Ж', '1', '2', '1', '19127', '17409753', 0, '2018-03-20 00:00:00'),
(295, 'Adara', 'Carney', NULL, '056 1347 4355', 'М', '1', '2', '1', '14591', '29679815', 0, '2011-07-18 00:00:00'),
(296, 'Sharon', 'Byrd', NULL, '0815 062 5349', 'Ж', '2', '2', '2', '19862', '41415228', 1, '2019-08-23 00:00:00'),
(297, 'Audrey', 'Merritt', NULL, '0342 376 9111', 'М', '2', '1', '2', '25744', '52526193', 1, '2020-02-05 00:00:00'),
(298, 'Jason', 'Marshall', NULL, '055 0088 4923', 'М', '1', '2', '2', '38309', '65801969', 0, '2008-11-17 00:00:00'),
(299, 'Sacha', 'Guy', NULL, '0800 461588', 'М', '2', '1', '2', '36171', '10954820', 0, '2008-10-28 00:00:00'),
(300, 'Gemma', 'Rich', NULL, '07624 220162', 'М', '2', '2', '1', '21070', '59819487', 0, '2017-11-24 00:00:00'),
(301, 'Tanner', 'Ingram', NULL, '(028) 9555 2357', 'Ж', '1', '2', '2', '43054', '19156774', 0, '2011-10-22 00:00:00'),
(302, 'Nicholas', 'Vaughan', NULL, '(016977) 2251', 'Ж', '2', '2', '1', '29373', '70981099', 1, '2013-10-14 00:00:00'),
(303, 'Shea', 'Montoya', NULL, '(01874) 32731', 'Ж', '2', '1', '1', '30248', '14590190', 1, '2008-08-12 00:00:00'),
(304, 'Victor', 'Franco', NULL, '(0111) 172 5985', 'М', '2', '1', '1', '34350', '12720410', 0, '2010-02-07 00:00:00'),
(305, 'Hu', 'Johnston', NULL, '0800 643228', 'М', '1', '1', '2', '19653', '76005000', 0, '2013-07-09 00:00:00'),
(306, 'Destiny', 'Berry', NULL, '0999 156 3686', 'Ж', '2', '2', '2', '27226', '66160622', 1, '2010-04-14 00:00:00'),
(307, 'Candice', 'Kaufman', NULL, '(0117) 065 1534', 'М', '1', '1', '1', '27765', '58334859', 1, '2014-03-04 00:00:00'),
(308, 'Austin', 'Hancock', NULL, '(0118) 258 5922', 'М', '2', '1', '2', '14382', '58080522', 1, '2010-08-23 00:00:00'),
(309, 'Bell', 'Wolfe', NULL, '(0151) 846 8808', 'М', '2', '2', '1', '14788', '23849017', 0, '2010-12-31 00:00:00'),
(310, 'Mariam', 'Hayes', NULL, '0828 388 7423', 'Ж', '2', '2', '1', '36357', '27662246', 1, '2016-11-20 00:00:00'),
(311, 'Jeremy', 'Brown', NULL, '056 9165 1085', 'Ж', '1', '2', '1', '26185', '54204691', 0, '2010-02-02 00:00:00'),
(312, 'Raphael', 'Greene', NULL, '(01316) 56423', 'Ж', '1', '2', '2', '24011', '48249919', 0, '2008-06-25 00:00:00'),
(313, 'Xena', 'Sheppard', NULL, '0800 1111', 'М', '1', '2', '1', '19485', '70855727', 0, '2013-01-16 00:00:00'),
(314, 'Wesley', 'Bolton', NULL, '0800 931 1484', 'М', '2', '2', '2', '31610', '38240281', 0, '2015-10-18 00:00:00'),
(315, 'Adara', 'Campos', NULL, '(029) 7742 5739', 'М', '1', '2', '1', '22527', '83761701', 1, '2016-10-17 00:00:00'),
(316, 'Evelyn', 'Gillespie', NULL, '(01660) 841827', 'М', '1', '1', '1', '20320', '36194668', 1, '2009-02-15 00:00:00'),
(317, 'Benedict', 'Workman', NULL, '0895 779 0985', 'М', '1', '1', '2', '39717', '44787002', 1, '2018-10-19 00:00:00'),
(318, 'Kim', 'Rios', NULL, '0838 198 5883', 'Ж', '2', '2', '2', '40289', '84955056', 1, '2017-04-20 00:00:00'),
(319, 'Kaye', 'Vaughan', NULL, '07624 719774', 'М', '2', '2', '1', '17764', '46955296', 1, '2010-11-03 00:00:00'),
(320, 'Hilel', 'Cross', NULL, '(016977) 8472', 'Ж', '2', '1', '2', '33587', '17168054', 0, '2021-06-14 00:00:00'),
(321, 'Sybill', 'Dean', NULL, '07624 270332', 'М', '1', '2', '1', '48227', '87315351', 1, '2013-01-26 00:00:00'),
(322, 'Patricia', 'Poole', NULL, '(011466) 95288', 'М', '2', '1', '2', '26168', '30479267', 1, '2019-03-12 00:00:00'),
(323, 'Griffin', 'Garrett', NULL, '(016977) 9843', 'М', '1', '1', '2', '22738', '22214615', 0, '2011-09-29 00:00:00'),
(324, 'Moana', 'Suarez', NULL, '07956 878353', 'Ж', '1', '2', '2', '18214', '85787476', 1, '2008-12-09 00:00:00'),
(325, 'Dillon', 'Blackwell', NULL, '0800 264 4745', 'Ж', '2', '1', '1', '32513', '57825069', 1, '2021-05-05 00:00:00'),
(326, 'Germaine', 'Bartlett', NULL, '(024) 3884 4578', 'Ж', '2', '2', '2', '32200', '51380630', 0, '2011-03-09 00:00:00'),
(327, 'Timon', 'Jacobson', NULL, '0800 1111', 'Ж', '2', '1', '2', '23318', '71981688', 0, '2009-06-09 00:00:00'),
(328, 'Sara', 'Eaton', NULL, '0308 453 1742', 'М', '1', '1', '1', '36853', '48481961', 1, '2018-11-10 00:00:00'),
(329, 'Herrod', 'Park', NULL, '0845 46 49', 'М', '2', '2', '2', '23663', '21606045', 1, '2019-01-01 00:00:00'),
(330, 'Idola', 'Richards', NULL, '055 4919 2248', 'Ж', '1', '1', '1', '11541', '60096221', 1, '2021-12-04 00:00:00'),
(331, 'Gemma', 'Finley', NULL, '(016977) 1563', 'Ж', '2', '1', '1', '24005', '62256159', 0, '2017-05-30 00:00:00'),
(332, 'Harlan', 'Ramirez', NULL, '(021) 9454 6682', 'М', '2', '1', '1', '18141', '79320357', 0, '2011-04-19 00:00:00'),
(333, 'Chantale', 'Ramos', NULL, '(01578) 507565', 'Ж', '2', '2', '2', '22852', '75275425', 1, '2015-07-06 00:00:00'),
(334, 'Cheyenne', 'Bond', NULL, '056 7774 8198', 'М', '2', '1', '2', '25057', '47301767', 1, '2009-08-05 00:00:00'),
(335, 'Hedley', 'Finch', NULL, '0997 952 6457', 'Ж', '2', '2', '1', '21019', '68124681', 1, '2020-10-04 00:00:00'),
(336, 'Wade', 'Lang', NULL, '0308 291 9928', 'М', '1', '1', '2', '45529', '31811973', 0, '2022-09-24 00:00:00'),
(337, 'Cheyenne', 'Workman', NULL, '076 8642 9172', 'М', '2', '1', '1', '43604', '86179403', 0, '2014-08-28 00:00:00'),
(338, 'Len', 'Wilder', NULL, '0800 296574', 'М', '1', '2', '2', '14259', '10361890', 0, '2018-04-04 00:00:00'),
(339, 'Griffin', 'Sanford', NULL, '0927 028 1358', 'М', '2', '2', '2', '37896', '14441106', 1, '2022-05-31 00:00:00'),
(340, 'MacKensie', 'Mcconnell', NULL, '0800 499878', 'Ж', '2', '2', '2', '44732', '10134228', 1, '2022-06-17 00:00:00'),
(341, 'Christine', 'Jefferson', NULL, '(01867) 355748', 'М', '2', '2', '1', '14435', '84916801', 0, '2015-04-28 00:00:00'),
(342, 'Sara', 'Kelley', NULL, '(01561) 172236', 'Ж', '2', '2', '1', '43567', '73756389', 1, '2017-06-08 00:00:00'),
(343, 'Urielle', 'Manning', NULL, '055 5212 2694', 'Ж', '2', '2', '2', '22851', '74744933', 0, '2015-01-26 00:00:00'),
(344, 'Hayley', 'Malone', NULL, '056 8834 4713', 'М', '2', '2', '1', '22002', '78981470', 1, '2020-09-27 00:00:00'),
(345, 'Brenda', 'Noble', NULL, '(0161) 534 1812', 'Ж', '2', '1', '1', '43855', '50620055', 0, '2021-10-08 00:00:00'),
(346, 'Scarlett', 'Hogan', NULL, '(01887) 213851', 'М', '1', '1', '1', '45833', '57214098', 0, '2019-11-15 00:00:00'),
(347, 'Gareth', 'Patterson', NULL, '07955 335565', 'Ж', '1', '2', '1', '44802', '18677505', 1, '2018-09-07 00:00:00'),
(348, 'Cooper', 'Baker', NULL, '(021) 2221 3962', 'Ж', '1', '1', '1', '16783', '47815802', 1, '2018-01-13 00:00:00'),
(349, 'Benedict', 'Gould', NULL, '07186 288187', 'М', '1', '2', '2', '16598', '24185443', 1, '2018-05-31 00:00:00'),
(350, 'Benjamin', 'Mooney', NULL, '0358 151 0263', 'М', '2', '2', '1', '22016', '11301331', 0, '2022-04-03 00:00:00'),
(351, 'Simone', 'Austin', NULL, '0800 735 8776', 'М', '1', '1', '1', '20937', '20649332', 0, '2009-07-28 00:00:00'),
(352, 'Kyle', 'Bartlett', NULL, '(0181) 626 5272', 'Ж', '1', '2', '1', '13929', '68569512', 0, '2023-01-03 00:00:00'),
(353, 'Kyle', 'Mcknight', NULL, '0800 372397', 'Ж', '2', '2', '2', '45628', '60456961', 0, '2020-01-04 00:00:00'),
(354, 'Christine', 'Cardenas', NULL, '07435 587251', 'М', '1', '2', '1', '49838', '14081586', 1, '2016-03-08 00:00:00'),
(355, 'Basil', 'Curtis', NULL, '(021) 2382 8157', 'М', '2', '2', '2', '12105', '68978460', 0, '2018-08-25 00:00:00'),
(356, 'Lysandra', 'Rutledge', NULL, '(016606) 36626', 'М', '1', '2', '1', '21376', '56931385', 1, '2021-09-01 00:00:00'),
(357, 'Linus', 'Gentry', NULL, '0500 831866', 'М', '2', '1', '1', '22852', '70462980', 1, '2016-03-20 00:00:00'),
(358, 'Sacha', 'Bartlett', NULL, '(01165) 715469', 'Ж', '1', '1', '2', '17669', '78517868', 1, '2015-05-09 00:00:00'),
(359, 'Abigail', 'Klein', NULL, '0500 117587', 'Ж', '2', '1', '1', '18092', '60788587', 1, '2022-10-08 00:00:00'),
(360, 'Kylie', 'Bauer', NULL, '0360 590 2608', 'М', '2', '1', '2', '14085', '41267184', 0, '2014-07-26 00:00:00'),
(361, 'Phelan', 'Maldonado', NULL, '(01361) 072362', 'М', '2', '1', '2', '31129', '27337673', 0, '2010-11-26 00:00:00'),
(362, 'Russell', 'Michael', NULL, '0916 343 7457', 'М', '2', '1', '1', '12686', '85214938', 1, '2015-04-08 00:00:00'),
(363, 'Bethany', 'Donaldson', NULL, '0948 926 0415', 'М', '1', '1', '1', '14490', '84105635', 1, '2012-05-18 00:00:00'),
(364, 'Ori', 'Mcgee', NULL, '(016977) 9351', 'М', '1', '1', '1', '23441', '17427766', 1, '2014-02-11 00:00:00'),
(365, 'Tatum', 'Stephens', NULL, '(029) 2277 4798', 'М', '2', '1', '1', '32777', '22910497', 1, '2011-01-19 00:00:00'),
(366, 'Kirby', 'Hatfield', NULL, '(01111) 867460', 'Ж', '2', '2', '2', '30247', '46718615', 0, '2010-09-18 00:00:00'),
(367, 'Uriah', 'Gay', NULL, '055 7321 2323', 'Ж', '1', '2', '2', '19388', '25948348', 1, '2012-06-25 00:00:00'),
(368, 'Ethan', 'Mccormick', NULL, '(016977) 8214', 'М', '1', '2', '1', '34478', '89494689', 1, '2009-02-17 00:00:00'),
(369, 'Xyla', 'Dunlap', NULL, '(01582) 689564', 'Ж', '1', '1', '1', '37706', '86753776', 0, '2011-01-04 00:00:00'),
(370, 'Burke', 'Schwartz', NULL, '056 5042 7397', 'Ж', '1', '1', '2', '28754', '20174081', 0, '2013-04-07 00:00:00'),
(371, 'Price', 'Jarvis', NULL, '0500 368562', 'М', '1', '2', '2', '32803', '74202409', 0, '2017-05-04 00:00:00'),
(372, 'Vance', 'Heath', NULL, '070 6116 4131', 'М', '1', '1', '1', '15254', '20763720', 1, '2014-04-06 00:00:00'),
(373, 'Chadwick', 'Gibson', NULL, '056 3556 7682', 'М', '1', '2', '1', '25615', '42851793', 1, '2013-05-17 00:00:00'),
(374, 'Oliver', 'Lewis', NULL, '056 1194 1982', 'Ж', '1', '2', '1', '35145', '76530849', 0, '2022-04-17 00:00:00'),
(375, 'Deborah', 'Lancaster', NULL, '0800 830556', 'Ж', '2', '1', '1', '30412', '54350375', 0, '2016-04-23 00:00:00'),
(376, 'Rhea', 'Moses', NULL, '055 0831 7487', 'М', '1', '1', '2', '33965', '53954817', 1, '2019-06-01 00:00:00'),
(377, 'Guinevere', 'Boyd', NULL, '(0111) 984 3564', 'Ж', '2', '2', '2', '45697', '19729762', 1, '2013-05-25 00:00:00'),
(378, 'Breanna', 'Alexander', NULL, '(0112) 769 4417', 'Ж', '1', '2', '2', '40613', '43986346', 0, '2017-03-16 00:00:00'),
(379, 'Palmer', 'Bird', NULL, '070 2032 4184', 'М', '2', '2', '1', '13001', '75387770', 1, '2010-12-23 00:00:00'),
(380, 'Aidan', 'Blankenship', NULL, '(016417) 26332', 'М', '1', '2', '1', '43972', '31759904', 0, '2019-11-24 00:00:00'),
(381, 'Flavia', 'Stokes', NULL, '0800 739 2489', 'М', '1', '1', '2', '36818', '82088013', 0, '2021-10-05 00:00:00'),
(382, 'Emerson', 'Rice', NULL, '(012786) 62058', 'М', '2', '2', '2', '33218', '81170421', 0, '2010-11-16 00:00:00'),
(383, 'Preston', 'Brooks', NULL, '0925 822 2129', 'Ж', '2', '2', '2', '47592', '73924836', 1, '2009-01-03 00:00:00'),
(384, 'Conan', 'Alford', NULL, '(026) 8343 4159', 'Ж', '1', '1', '1', '14128', '22985563', 0, '2021-08-12 00:00:00'),
(385, 'Oleg', 'Benjamin', NULL, '0925 726 4533', 'Ж', '2', '2', '2', '38122', '38825964', 1, '2014-05-29 00:00:00'),
(386, 'Nomlanga', 'Cunningham', NULL, '(01678) 887670', 'М', '1', '1', '1', '17689', '21195624', 1, '2023-02-26 00:00:00'),
(387, 'Reece', 'Mccray', NULL, '(028) 8128 9930', 'Ж', '2', '2', '2', '37190', '41499862', 1, '2014-08-28 00:00:00'),
(388, 'Driscoll', 'Benton', NULL, '07624 415581', 'М', '2', '2', '1', '46696', '17066771', 1, '2019-03-24 00:00:00'),
(389, 'Raphael', 'Bryant', NULL, '0866 966 0117', 'Ж', '1', '1', '2', '15814', '54650781', 0, '2013-09-20 00:00:00'),
(390, 'Slade', 'Lopez', NULL, '055 2516 9261', 'Ж', '1', '2', '2', '41757', '34988785', 0, '2011-10-16 00:00:00'),
(391, 'Jackson', 'Christensen', NULL, '0922 728 9658', 'Ж', '1', '1', '2', '40213', '18053156', 0, '2017-03-16 00:00:00'),
(392, 'Cassandra', 'Glenn', NULL, '07624 942847', 'Ж', '2', '2', '2', '45749', '74324524', 0, '2023-04-08 00:00:00'),
(393, 'Patricia', 'Stafford', NULL, '0800 296 4164', 'Ж', '2', '1', '2', '31739', '53206337', 0, '2019-05-07 00:00:00'),
(394, 'Caesar', 'Gilliam', NULL, '07624 358435', 'М', '1', '1', '2', '49588', '60944813', 0, '2008-08-11 00:00:00'),
(395, 'Amelia', 'Hampton', NULL, '0500 729048', 'Ж', '1', '2', '2', '22253', '82720452', 0, '2020-12-30 00:00:00'),
(396, 'Reece', 'Jefferson', NULL, '(016977) 2471', 'М', '2', '1', '2', '28334', '26926142', 0, '2014-06-28 00:00:00'),
(397, 'Phillip', 'Gallegos', NULL, '0800 536180', 'Ж', '2', '1', '1', '37514', '10231729', 1, '2018-11-12 00:00:00'),
(398, 'Madonna', 'Brown', NULL, '(0113) 117 9189', 'Ж', '2', '1', '2', '29878', '59005536', 0, '2013-10-10 00:00:00'),
(399, 'Katelyn', 'Bailey', NULL, '076 8612 3220', 'Ж', '1', '1', '1', '45429', '26929772', 1, '2021-09-05 00:00:00'),
(400, 'Yoshio', 'Watson', NULL, '0800 072 5979', 'М', '2', '2', '1', '27289', '23316168', 0, '2017-05-13 00:00:00'),
(401, 'Knox', 'Dennis', NULL, '0845 46 48', 'М', '1', '2', '2', '35497', '19927412', 0, '2012-07-27 00:00:00'),
(402, 'Frances', 'Whitfield', NULL, '(01577) 63644', 'М', '2', '2', '2', '11592', '52296692', 0, '2008-10-30 00:00:00'),
(403, 'Kato', 'Strickland', NULL, '(0171) 553 7404', 'Ж', '1', '2', '1', '24112', '85603983', 1, '2022-10-30 00:00:00'),
(404, 'Indira', 'Mckenzie', NULL, '0800 468 4158', 'Ж', '2', '1', '2', '16189', '46524216', 1, '2008-08-07 00:00:00'),
(405, 'Preston', 'Manning', NULL, '0800 1111', 'Ж', '1', '2', '2', '22163', '11447012', 1, '2018-03-12 00:00:00'),
(406, 'Meghan', 'Estes', NULL, '07624 704775', 'М', '2', '2', '2', '44425', '16696270', 1, '2010-04-28 00:00:00'),
(407, 'Quinn', 'Aguirre', NULL, '(01453) 46617', 'М', '2', '2', '1', '23481', '70358462', 0, '2021-12-31 00:00:00'),
(408, 'Summer', 'Rosario', NULL, '055 1368 5123', 'Ж', '1', '1', '1', '42770', '54532019', 0, '2022-03-20 00:00:00'),
(409, 'Kai', 'Gay', NULL, '(016977) 6605', 'М', '1', '1', '1', '24505', '14408711', 1, '2010-10-11 00:00:00'),
(410, 'Kasper', 'Maldonado', NULL, '(0114) 511 6352', 'Ж', '1', '2', '1', '23439', '37241164', 1, '2021-09-25 00:00:00'),
(411, 'Kristen', 'Castro', NULL, '(0141) 836 7566', 'М', '2', '1', '1', '20994', '43409476', 0, '2016-06-29 00:00:00'),
(412, 'Carly', 'Acosta', NULL, '0381 845 4434', 'М', '2', '2', '1', '41936', '58802264', 1, '2017-11-30 00:00:00'),
(413, 'Jessica', 'Dorsey', NULL, '056 4185 8672', 'Ж', '2', '1', '2', '30262', '81529941', 1, '2020-01-25 00:00:00'),
(414, 'Julian', 'Jacobs', NULL, '076 8635 3247', 'Ж', '2', '2', '1', '44619', '70723734', 1, '2021-08-03 00:00:00'),
(415, 'Xander', 'Giles', NULL, '0800 214 4727', 'М', '1', '2', '1', '26571', '82488492', 1, '2010-05-21 00:00:00'),
(416, 'Amal', 'Young', NULL, '(016977) 4343', 'М', '1', '2', '2', '45743', '56523453', 1, '2009-08-08 00:00:00'),
(417, 'Tarik', 'Hinton', NULL, '076 2840 5880', 'М', '2', '1', '2', '36232', '83112644', 1, '2020-12-29 00:00:00'),
(418, 'Molly', 'Burch', NULL, '0500 421599', 'М', '2', '2', '1', '13091', '50918088', 0, '2014-05-16 00:00:00'),
(419, 'Jameson', 'Neal', NULL, '0800 657 8635', 'М', '1', '1', '2', '31110', '71836364', 0, '2013-09-25 00:00:00'),
(420, 'Jerome', 'Barton', NULL, '(0111) 634 6521', 'Ж', '2', '1', '2', '11837', '74296913', 1, '2013-08-04 00:00:00'),
(421, 'Yael', 'O''connor', NULL, '0915 198 9258', 'Ж', '2', '2', '2', '23665', '87148604', 0, '2013-08-13 00:00:00'),
(422, 'Caldwell', 'Reese', NULL, '0800 652292', 'М', '1', '1', '2', '39023', '18847545', 1, '2019-03-29 00:00:00'),
(423, 'Nehru', 'Short', NULL, '(026) 6647 1454', 'Ж', '2', '1', '1', '20684', '75414243', 1, '2019-03-11 00:00:00'),
(424, 'Juliet', 'Hull', NULL, '0500 168287', 'М', '2', '2', '1', '24730', '55873862', 0, '2011-09-13 00:00:00'),
(425, 'Imani', 'Brown', NULL, '0314 482 3184', 'Ж', '1', '2', '2', '22473', '57195542', 0, '2022-07-26 00:00:00'),
(426, 'Price', 'Horton', NULL, '0800 624535', 'Ж', '1', '1', '1', '14422', '77682451', 0, '2021-07-29 00:00:00'),
(427, 'Sydney', 'Nieves', NULL, '0821 963 9773', 'Ж', '2', '1', '1', '39645', '50819100', 1, '2016-01-02 00:00:00'),
(428, 'Kylie', 'Peters', NULL, '(0121) 680 4558', 'Ж', '1', '2', '1', '40025', '80595271', 1, '2016-12-12 00:00:00'),
(429, 'Zachery', 'Owens', NULL, '056 1729 7685', 'М', '2', '2', '1', '13710', '26587379', 1, '2013-08-27 00:00:00'),
(430, 'Jade', 'Guerra', NULL, '(026) 7768 2457', 'М', '1', '1', '1', '45602', '22123489', 0, '2017-06-10 00:00:00'),
(431, 'Mark', 'Willis', NULL, '0845 46 45', 'Ж', '1', '1', '1', '48278', '55036271', 0, '2023-02-13 00:00:00'),
(432, 'Bianca', 'Scott', NULL, '(016977) 5539', 'Ж', '2', '2', '2', '10639', '29305350', 0, '2022-09-08 00:00:00'),
(433, 'Herrod', 'Mueller', NULL, '(025) 7255 7686', 'Ж', '1', '2', '1', '31981', '64798995', 1, '2014-09-24 00:00:00'),
(434, 'Linda', 'Allen', NULL, '(0161) 518 6567', 'М', '1', '1', '2', '30457', '68269192', 0, '2012-10-03 00:00:00'),
(435, 'Keegan', 'Winters', NULL, '(01698) 338736', 'Ж', '1', '2', '1', '39401', '41222004', 0, '2019-11-16 00:00:00'),
(436, 'Iris', 'Jimenez', NULL, '055 1268 2878', 'Ж', '1', '2', '2', '44703', '89365618', 0, '2010-03-20 00:00:00'),
(437, 'Jemima', 'Fleming', NULL, '0338 275 4622', 'Ж', '1', '2', '1', '24234', '33341960', 0, '2018-11-13 00:00:00'),
(438, 'Kadeem', 'Wiley', NULL, '(023) 7531 4696', 'М', '1', '1', '2', '13630', '72015940', 0, '2013-02-27 00:00:00'),
(439, 'Abbot', 'Fuentes', NULL, '(016977) 1456', 'Ж', '1', '2', '2', '24117', '11391693', 1, '2016-01-11 00:00:00'),
(440, 'Dai', 'Keller', NULL, '0845 46 44', 'М', '1', '1', '2', '14585', '13762780', 0, '2018-11-22 00:00:00'),
(441, 'Gray', 'Underwood', NULL, '(01543) 36231', 'М', '1', '1', '1', '45571', '60657857', 0, '2015-08-17 00:00:00'),
(442, 'Dora', 'Burt', NULL, '(01580) 796729', 'М', '2', '2', '2', '32712', '26541777', 0, '2014-01-15 00:00:00'),
(443, 'Asher', 'Mccray', NULL, '056 1404 4888', 'М', '2', '2', '2', '12395', '32523493', 0, '2020-07-26 00:00:00'),
(444, 'Melvin', 'Watson', NULL, '(013154) 17165', 'М', '2', '1', '2', '34776', '52414439', 0, '2009-03-26 00:00:00'),
(445, 'Anne', 'Dotson', NULL, '07517 650214', 'М', '1', '2', '2', '22095', '87709419', 0, '2009-09-09 00:00:00'),
(446, 'Josiah', 'Peterson', NULL, '0800 579 7140', 'М', '1', '1', '2', '15504', '40252578', 1, '2013-05-02 00:00:00'),
(447, 'Nigel', 'May', NULL, '0845 46 44', 'Ж', '2', '1', '2', '28169', '55966440', 1, '2011-05-22 00:00:00'),
(448, 'Hollee', 'Carey', NULL, '0378 643 8533', 'М', '2', '2', '1', '25013', '51172614', 0, '2020-10-17 00:00:00'),
(449, 'Chandler', 'Gates', NULL, '070 8866 7584', 'М', '2', '2', '2', '21505', '88809374', 1, '2015-08-28 00:00:00'),
(450, 'Oliver', 'Santiago', NULL, '0984 662 9267', 'М', '2', '2', '1', '29487', '42669543', 0, '2019-12-06 00:00:00'),
(451, 'Len', 'Small', NULL, '(0113) 510 5113', 'Ж', '1', '2', '1', '40883', '50935318', 1, '2020-07-14 00:00:00'),
(452, 'Cally', 'Sharp', NULL, '0800 255 9033', 'Ж', '1', '2', '2', '36050', '88519639', 1, '2015-05-16 00:00:00'),
(453, 'Malachi', 'Carter', NULL, '(023) 1866 5739', 'Ж', '2', '1', '2', '32301', '32183582', 0, '2010-04-01 00:00:00'),
(454, 'Penelope', 'Riddle', NULL, '(0112) 118 5611', 'Ж', '2', '1', '2', '11059', '11121113', 0, '2009-06-15 00:00:00'),
(455, 'Luke', 'Mccall', NULL, '07624 385334', 'Ж', '1', '2', '2', '38375', '85334294', 0, '2009-10-31 00:00:00'),
(456, 'Ezra', 'Noel', NULL, '(027) 4702 6168', 'Ж', '2', '1', '2', '33397', '25768655', 0, '2019-01-23 00:00:00'),
(457, 'Gage', 'Vaughn', NULL, '0371 314 2173', 'Ж', '1', '2', '1', '11760', '51352889', 0, '2014-07-08 00:00:00'),
(458, 'Malcolm', 'Burch', NULL, '0800 621 1470', 'М', '1', '2', '2', '19591', '45748403', 1, '2023-02-09 00:00:00'),
(459, 'Lani', 'Trujillo', NULL, '(0151) 265 5592', 'Ж', '2', '1', '2', '44286', '82195876', 0, '2023-03-08 00:00:00'),
(460, 'Donna', 'Decker', NULL, '0800 259126', 'М', '1', '1', '1', '23926', '22452646', 1, '2021-09-20 00:00:00'),
(461, 'Susan', 'Gay', NULL, '07732 213760', 'Ж', '2', '1', '2', '34682', '51312888', 1, '2014-10-10 00:00:00'),
(462, 'Joshua', 'Simpson', NULL, '(01452) 06828', 'М', '2', '2', '1', '38502', '22401734', 0, '2011-08-11 00:00:00'),
(463, 'Cheyenne', 'Murray', NULL, '0356 713 3141', 'М', '1', '2', '2', '30633', '40561302', 1, '2011-05-19 00:00:00'),
(464, 'Carissa', 'Benson', NULL, '0315 450 2635', 'М', '2', '2', '2', '19878', '67230825', 0, '2020-11-08 00:00:00'),
(465, 'Aladdin', 'Landry', NULL, '0955 156 2596', 'М', '2', '1', '2', '28379', '87337944', 0, '2018-10-05 00:00:00'),
(466, 'Odessa', 'Mccall', NULL, '0800 854 8618', 'М', '1', '2', '2', '21755', '59400236', 0, '2016-04-16 00:00:00'),
(467, 'Cameron', 'Berger', NULL, '0800 277397', 'Ж', '2', '2', '1', '16886', '10863349', 1, '2013-01-13 00:00:00'),
(468, 'Kuame', 'Mccullough', NULL, '07162 301417', 'Ж', '2', '2', '2', '13406', '86699952', 1, '2019-10-08 00:00:00'),
(469, 'Lyle', 'Haley', NULL, '0863 327 3540', 'М', '1', '1', '1', '42145', '66804166', 1, '2014-08-18 00:00:00'),
(470, 'Asher', 'Byrd', NULL, '(01617) 73872', 'Ж', '2', '1', '1', '30968', '50228507', 1, '2021-08-11 00:00:00'),
(471, 'Carolyn', 'Joyner', NULL, '(0116) 427 9072', 'М', '1', '2', '1', '27581', '78979246', 0, '2012-07-02 00:00:00'),
(472, 'Oleg', 'Carrillo', NULL, '070 4146 6915', 'М', '2', '1', '1', '49140', '78095055', 0, '2022-02-26 00:00:00'),
(473, 'Buffy', 'Weiss', NULL, '(01699) 84201', 'Ж', '1', '2', '1', '18186', '36468484', 0, '2011-06-11 00:00:00'),
(474, 'Samson', 'Rich', NULL, '(0161) 866 6184', 'М', '2', '1', '1', '17776', '79531705', 0, '2013-10-02 00:00:00'),
(475, 'Orlando', 'Simon', NULL, '(015124) 27614', 'Ж', '1', '2', '2', '30049', '39239493', 0, '2022-02-01 00:00:00'),
(476, 'Stewart', 'Valentine', NULL, '(026) 9252 0672', 'Ж', '2', '1', '1', '45371', '63370953', 1, '2019-10-30 00:00:00'),
(477, 'Demetrius', 'Nash', NULL, '07624 347582', 'Ж', '2', '1', '1', '47282', '22839903', 0, '2010-02-01 00:00:00'),
(478, 'Ulysses', 'Serrano', NULL, '(0191) 794 6563', 'Ж', '2', '2', '1', '47120', '11866424', 0, '2020-11-09 00:00:00'),
(479, 'Adam', 'Hernandez', NULL, '(016977) 8833', 'Ж', '1', '2', '1', '23728', '63214750', 1, '2015-03-22 00:00:00'),
(480, 'Odysseus', 'Livingston', NULL, '(01772) 58476', 'М', '2', '1', '2', '15377', '21849734', 0, '2017-04-04 00:00:00'),
(481, 'Cody', 'Dickson', NULL, '(0131) 126 6510', 'Ж', '2', '1', '1', '26358', '48084388', 0, '2013-05-30 00:00:00'),
(482, 'Zane', 'Daugherty', NULL, '0848 285 3426', 'Ж', '2', '2', '1', '39424', '61233162', 0, '2008-06-23 00:00:00'),
(483, 'Abbot', 'Lester', NULL, '0500 862604', 'М', '1', '1', '2', '29238', '36164346', 1, '2013-08-20 00:00:00'),
(484, 'Jerome', 'Henson', NULL, '(0112) 857 4164', 'М', '1', '1', '1', '35541', '14485893', 1, '2019-09-10 00:00:00'),
(485, 'Hiram', 'Craft', NULL, '0845 46 41', 'Ж', '2', '1', '1', '31624', '77853283', 0, '2016-09-25 00:00:00'),
(486, 'Wallace', 'Sargent', NULL, '(01291) 12811', 'М', '2', '1', '2', '47571', '64459510', 1, '2023-02-16 00:00:00'),
(487, 'Fritz', 'Carter', NULL, '(01277) 07175', 'Ж', '1', '2', '1', '11541', '40360000', 0, '2019-11-08 00:00:00'),
(488, 'Cole', 'Lamb', NULL, '(01277) 07175', 'М', '1', '2', '1', '39381', '84023191', 1, '2020-05-29 00:00:00'),
(489, 'Lunea', 'Mueller', NULL, '(025) 7117 7178', 'Ж', '1', '1', '1', '12972', '31870439', 0, '2012-08-05 00:00:00'),
(490, 'Christine', 'Donaldson', NULL, '0813 625 5899', 'М', '2', '1', '2', '21069', '77889603', 0, '2011-05-07 00:00:00'),
(491, 'Carly', 'Ayers', NULL, '07438 071422', 'Ж', '2', '2', '2', '47614', '56156986', 1, '2020-12-30 00:00:00'),
(492, 'Jaime', 'Murray', NULL, '(016977) 8601', 'Ж', '2', '2', '1', '42836', '71381297', 1, '2015-03-07 00:00:00'),
(493, 'Rae', 'Sosa', NULL, '0320 046 7168', 'М', '2', '1', '2', '43920', '37311910', 0, '2015-01-25 00:00:00'),
(494, 'Haley', 'Kramer', NULL, '0873 754 6849', 'Ж', '2', '2', '2', '43220', '24463422', 1, '2013-02-25 00:00:00'),
(495, 'Jaquelyn', 'Charles', NULL, '0354 374 5229', 'Ж', '2', '2', '1', '40032', '74354926', 1, '2013-01-20 00:00:00'),
(496, 'Mary', 'Banks', NULL, '0845 46 40', 'М', '1', '1', '2', '24711', '21548106', 0, '2019-04-03 00:00:00'),
(497, 'Germane', 'Webster', NULL, '0800 322558', 'М', '1', '1', '1', '20105', '76339681', 1, '2014-10-15 00:00:00'),
(498, 'Dennis', 'Knight', NULL, '0800 183 8216', 'М', '1', '2', '2', '27077', '82752345', 1, '2015-12-11 00:00:00'),
(499, 'Ira', 'Rowland', NULL, '0800 339077', 'Ж', '2', '2', '1', '40241', '68493353', 1, '2017-06-29 00:00:00'),
(500, 'Nero', 'Potter', NULL, '0800 497 2327', 'Ж', '2', '2', '2', '28209', '57312625', 1, '2008-09-13 00:00:00');

-- 
-- Dumping data for table diagnosis
--
INSERT INTO diagnosis VALUES
(1, 'Аббревиатоз'),
(2, 'Абфракция'),
(3, 'Агранулоцитоз'),
(4, 'Аденовирусная инфекция'),
(5, 'Аденоиды'),
(6, 'Аденоматозный полип'),
(7, 'Акантоцефалёзы'),
(8, 'Актиномикоз'),
(9, 'Акушерские параличи'),
(10, 'Аллергические реакции на введение инсулина'),
(11, 'Аллергический ринит'),
(12, 'Альвеолярный протеиноз'),
(13, 'Анальный миаз'),
(14, 'Анаэробная инфекционная энтеротоксемия'),
(15, 'Ангидроз'),
(16, 'Анизакидоз'),
(17, 'Анизометропия'),
(18, 'Аортит'),
(19, 'Аплазия'),
(20, 'Апофаллоз'),
(21, 'Апудома'),
(22, 'Арахноидальная киста'),
(23, 'Аргентинская геморрагическая лихорадка'),
(24, 'Асбестовидный лишай'),
(25, 'Аспергиллома'),
(26, 'Атаксия Фридрейха'),
(27, 'Атопический дерматит'),
(28, 'Атриовентрикулярная блокада'),
(29, 'Аутоиммунный полиэндокринный синдром'),
(30, 'Афазия Брока'),
(31, 'Афазия Вернике'),
(32, 'Ахалазия кардии'),
(33, 'Ахиллобурсит'),
(34, 'Ахолия'),
(35, 'Ацетонемический синдром у детей'),
(36, 'Базалиома'),
(37, 'Балантидиаз'),
(38, 'Бартолинит'),
(39, 'Блокада сердца'),
(40, 'Болезнь Абта-Леттерера-Сиве'),
(41, 'Болезнь Альцгеймера'),
(42, 'Болезнь Гиппеля — Линдау'),
(43, 'Болезнь Горхема'),
(44, 'Болезнь Дарье — Уайта'),
(45, 'Болезнь итай-итай'),
(46, 'Болезнь Кашина — Бека'),
(47, 'Болезнь Кирле'),
(48, 'Болезнь Минамата'),
(49, 'Болезнь Пика'),
(50, 'Болезнь Рота — Бернгардта'),
(51, 'Болезнь Уиппла'),
(52, 'Болезнь Фавра-Ракушо'),
(53, 'Болезнь Фокса — Фордайса'),
(54, 'Болезнь Хенда — Шюллера — Крисчена'),
(55, 'Болезнь Шагаса'),
(56, 'Болезнь Шейермана-Мау'),
(57, 'Бородавчатая эпидермодисплазия'),
(58, 'Брадзот'),
(59, 'Брахиметатарзия'),
(60, 'Бридость'),
(61, 'Бронхопневмония'),
(62, 'Бруцеллёз'),
(63, 'Бубонная чума'),
(64, 'Буллёзный эпидермолиз'),
(65, 'Бульбит'),
(66, 'Веррукозная гемангиома'),
(67, 'Вестибулярный нейронит'),
(68, 'Вибриоз'),
(69, 'Вирусный гепатит'),
(70, 'Височная эпилепсия'),
(71, 'Водянка сердца'),
(72, 'Волосяной лишай'),
(73, 'Вольфартиоз'),
(74, 'Вульводиния'),
(75, 'Габронемоз'),
(76, 'Ганглионеврит'),
(77, 'Гаспинг-синдром'),
(78, 'Гастрофилёз'),
(79, 'Гастроэзофагеальная рефлюксная болезнь'),
(80, 'Гемартроз'),
(81, 'Гематома носовой перегородки'),
(82, 'Гематомиелия'),
(83, 'Гемифациальный спазм'),
(84, 'Гемонхоз'),
(85, 'Гемохроматоз'),
(86, 'Гепатоз'),
(87, 'Герметиоз'),
(88, 'Герпес'),
(89, 'Гиперлексия'),
(90, 'Гиперсенситивный пищевод'),
(91, 'Гипертензивный церебральный криз'),
(92, 'Гипертонический криз'),
(93, 'Гиперчувствительность'),
(94, 'Гиповитаминоз'),
(95, 'Гипогликемическая кома'),
(96, 'Гипогликемия'),
(97, 'Гиподерматоз'),
(98, 'Гипоменорея'),
(99, 'Гипохондроплазия'),
(100, 'Гистоплазмоз'),
(101, 'Гликогевзия'),
(102, 'Глюкагонома'),
(103, 'Гонгилонематоз'),
(104, 'Грипп'),
(105, 'Грыжа пищеводного отверстия диафрагмы'),
(106, 'Грыжа Шморля'),
(107, 'Грязный дерматоз Дункана'),
(108, 'Демиелинизация'),
(109, 'Демпинг-синдром'),
(110, 'Синдром Денди — Уокера'),
(111, 'Дерматит жуков-нарывников'),
(112, 'Дерматобиаз'),
(113, 'Дерматоз'),
(114, 'Дефицит 1α-гидроксилазы'),
(115, 'Дефицит селена'),
(116, 'Диабетическая ангиопатия'),
(117, 'Диабетическая нейропатия'),
(118, 'Диабетическая нефропатия'),
(119, 'Дикроцелиоз'),
(120, 'Дилатация предсердий'),
(121, 'Дискинезия желчевыводящих путей'),
(122, 'Дискинезия пищевода'),
(123, 'Дистимия'),
(124, 'Диффузный спазм пищевода'),
(125, 'Доброкачественное позиционное пароксизмальное головокружение'),
(126, 'Долихоколон'),
(127, 'Долихосигма'),
(128, 'Дранкорексия'),
(129, 'Дромомания'),
(130, 'Затёк'),
(131, 'Злокачественный нейролептический синдром'),
(132, 'Игровое расстройство'),
(133, 'Идиопатическая неспецифическая интерстициальная пневмония'),
(134, 'Инфекционный эндокардит'),
(135, 'Истинная полицитемия'),
(136, 'Кавернозный туберкулёз'),
(137, 'Кардиопротезный психопатологический синдром'),
(138, 'Кардиоспазм'),
(139, 'Карциноидный синдром'),
(140, 'Квашиоркор'),
(141, 'Кивательный синдром'),
(142, 'Киста холедоха'),
(143, 'Кожная аутосенсибилизация'),
(144, 'Кокцигодиния'),
(145, 'Кокцидиоз'),
(146, 'Колеоптерозы'),
(147, 'Колтун (воспаление)'),
(148, 'Контактный дерматит'),
(149, 'Контрактура'),
(150, 'Контрактура Дюпюитрена'),
(151, 'Конъюнктивит'),
(152, 'Коровья оспа'),
(153, 'Краниосиностоз'),
(154, 'Крапивница'),
(155, 'Красный плоский лишай'),
(156, 'Криптогенная организующаяся пневмония'),
(157, 'Круп'),
(158, 'Крупнобляшечный парапсориаз'),
(159, 'Ксантелазма'),
(160, 'Кутереброз'),
(161, 'Лактостаз'),
(162, 'Ламеллярный ихтиоз'),
(163, 'Лимфостаз'),
(164, 'Лимфоцитарная интерстициальная пневмония'),
(165, 'Лимфоцитарная инфильтрация Джесснера–Канофа'),
(166, 'Липомеланотический ретикулёз'),
(167, 'Лучевая болезнь'),
(168, 'Маршевая стопа'),
(169, 'Меккелев дивертикул'),
(170, 'Меторхоз'),
(171, 'Микотоксикозы'),
(172, 'Минная стопа'),
(173, 'Миома матки'),
(174, 'Митохондриальный сахарный диабет'),
(175, 'Мицетома'),
(176, 'Множественная эндокринная неоплазия типа IIb'),
(177, 'Мозжечковая атаксия'),
(178, 'Мониезиоз'),
(179, 'Назальный миаз'),
(180, 'Нанофиетоз'),
(181, 'Нарушение толерантности к глюкозе'),
(182, 'Наследственная остеодистрофия Олбрайта'),
(183, 'Наследственный микросфероцитоз'),
(184, 'Натуральная оспа'),
(185, 'Невралгия тройничного нерва'),
(186, 'Неврит зрительного нерва'),
(187, 'Недостаточность карбамоилфосфатсинтетазы I'),
(188, 'Недостаточность трёхстворчатого клапана'),
(189, 'Незидиобластоз'),
(190, 'Нейролептический паркинсонизм'),
(191, 'Неонатальный сахарный диабет'),
(192, 'Несахарный диабет'),
(193, 'Омфалит'),
(194, 'Оптиконевромиелит'),
(195, 'Опухоли головы и шеи'),
(196, 'Опухоли слюнных желёз'),
(197, 'Орнитодороз'),
(198, 'Оссифицирующий миозит'),
(199, 'Остеогенная саркома'),
(200, 'Острая жировая дистрофия печени у беременных'),
(201, 'Острая интерстициальная пневмония'),
(202, 'Острая лучевая болезнь'),
(203, 'Острый парапроктит'),
(204, 'Острый рассеянный энцефаломиелит'),
(205, 'Панникулит'),
(206, 'Панникулит Вебера — Крисчена'),
(207, 'Папулёз'),
(208, 'Папулезный эласторексис'),
(209, 'Паразитарные краниопаги'),
(210, 'Паранефрит'),
(211, 'Парапроктит'),
(212, 'Парез'),
(213, 'Пентозурия'),
(214, 'Перфорация матки'),
(215, 'Печёночная кома'),
(216, 'Пироплазмоз крупного рогатого скота'),
(217, 'Писчий спазм'),
(218, 'Плантарный фасциит'),
(219, 'Пневмонит'),
(220, 'Повреждение мозга'),
(221, 'Пойкилодермия Сиватта'),
(222, 'Поликория'),
(223, 'Полип жёлчного пузыря'),
(224, 'Полип мочевого пузыря'),
(225, 'Полип тела матки'),
(226, 'Полип шейки матки'),
(227, 'Поллиноз'),
(228, 'Порокератоз Мибелли'),
(229, 'Постинфарктный синдром'),
(230, 'Постит'),
(231, 'Потница'),
(232, 'Почечная гликозурия'),
(233, 'Почечный тубулярный ацидоз'),
(234, 'ППома'),
(235, 'Преходящее нарушение мозгового кровообращения'),
(236, 'Преэклампсия'),
(237, 'Приобретённые пороки сердца'),
(238, 'Прогрессирующий супрануклеарный парез взора'),
(239, 'Проктит'),
(240, 'Простой герпес'),
(241, 'Псевдамфистомоз'),
(242, 'Псевдогипоальдостеронизм'),
(243, 'Псориатический артрит'),
(244, 'Пузырный занос'),
(245, 'Пузырчатка Гужеро — Хейли — Хейли'),
(246, 'Пятнистая лихорадка Скалистых гор'),
(247, 'Рабдитозы'),
(248, 'Рабдомиосаркома'),
(249, 'Радиационное поражение'),
(250, 'Разговоры во сне'),
(251, 'Раздражающий контакный дерматит'),
(252, 'Рак губы'),
(253, 'Рак поджелудочной железы'),
(254, 'Ревмокардит'),
(255, 'Синдром Рейтера'),
(256, 'Ректовагинальный свищ'),
(257, 'Респираторный бронхиолит, ассоциированный с интерстициальным заболеванием лёгких'),
(258, 'Ринэстроз'),
(259, 'Розацеа'),
(260, 'Саркоидоз'),
(261, 'Сахарный диабет'),
(262, 'Сахарный диабет 1-го типа'),
(263, 'Сахарный диабет, связанный с недостаточностью питания'),
(264, 'Свиной грипп'),
(265, 'Сдавление головного мозга'),
(266, 'Себорейный дерматит'),
(267, 'Септический артрит'),
(268, 'Сетариоз'),
(269, 'Сикоз'),
(270, 'Силикатоз'),
(271, 'Сингамоз'),
(272, 'Синдром Видемана — Раутенштрауха'),
(273, 'Синдром Гийена — Барре'),
(274, 'Синдром Дауна'),
(275, 'Синдром Кавасаки'),
(276, 'Синдром Каллмана'),
(277, 'Синдром Картагенера'),
(278, 'Синдром Конна'),
(279, 'Синдром кошачьего крика'),
(280, 'Синдром Ларона'),
(281, 'Синдром Люси — Дрисколл'),
(282, 'Синдром Мёбиуса'),
(283, 'Синдром Мейжа'),
(284, 'Синдром Мориака'),
(285, 'Синдром Нельсона'),
(286, 'Синдром Нетертона'),
(287, 'Синдром Пархона'),
(288, 'Синдром Пехкранца — Бабинского — Фрелиха'),
(289, 'Синдром Прадера — Вилли'),
(290, 'Синдром Рефсума'),
(291, 'Синдром Ротора'),
(292, 'Синдром Сиппла'),
(293, 'Синдром слепой кишечной петли'),
(294, 'Синдром Сотоса'),
(295, 'Синдром Тричера Коллинза'),
(296, 'Синдром Холт — Орама'),
(297, 'Синдром хронической передозировки инсулина'),
(298, 'Синдром Шегрена'),
(299, 'Синдром Шерешевского — Тёрнера'),
(300, 'Синдром Шмидта'),
(301, 'Синдром Эдвардса'),
(302, 'Склерома'),
(303, 'Соматостатинома'),
(304, 'Спастическая дисфония'),
(305, 'Спондилёз'),
(306, 'Стеатогепатит'),
(307, 'Стеатоз печени'),
(308, 'Стеноз митрального клапана'),
(309, 'Стенокардия Принцметала'),
(310, 'Стойкий лентикулярный гиперкератоз Флегеля'),
(311, 'Стрептодермия'),
(312, 'Субкорнеальный пустулез Снеддона — Уилкинсона'),
(313, 'Т-образная матка'),
(314, 'Телеангиэктазия'),
(315, 'Тениаринхоз'),
(316, 'Тернидентоз'),
(317, 'Тестикулярный микролитиаз'),
(318, 'Токсаскароз'),
(319, 'Токсидермия'),
(320, 'Токсикомания'),
(321, 'Томинксоз'),
(322, 'Торсионная дистония'),
(323, 'Травматическая асфиксия'),
(324, 'Транзиторный акантолитический дерматоз Гровера'),
(325, 'Транспозиция магистральных сосудов'),
(326, 'Траншейная стопа'),
(327, 'Тропическая лёгочная эозинофилия'),
(328, 'Тубулопатии'),
(329, 'Факоматозы'),
(330, 'Фитофотодерматит'),
(331, 'Форидоз'),
(332, 'Фотодерматоз'),
(333, 'Функциональная изжога'),
(334, 'Хейлетоз'),
(335, 'Хейлит'),
(336, 'Хориокарцинома'),
(337, 'Хронический лихеноидный кератоз'),
(338, 'Цервицит'),
(339, 'Циклопия'),
(340, 'Цитомегаловирусная инфекция'),
(341, 'Штукатурный кератоз'),
(342, 'Эвритремоз'),
(343, 'Эдемагеноз'),
(344, 'Экзостоз'),
(345, 'Экстрамаммарная болезнь Педжета'),
(346, 'Экстрофия мочевого пузыря'),
(347, 'Эктопия сердца'),
(348, 'Эктопия шейки матки'),
(349, 'Эктродактилия'),
(350, 'Эктропион шейки матки'),
(351, 'Эндартериит'),
(352, 'Энтероколит'),
(353, 'Энцефалопатия'),
(354, 'Эпидидимит'),
(355, 'Эрозия шейки матки'),
(356, 'Эстроз'),
(357, 'Ювенильный идиопатический артрит'),
(358, 'Ядерная желтуха'),
(359, 'DIDMOAD-синдром'),
(360, 'HDR-синдром');

-- 
-- Dumping data for table post_acces_level
--
INSERT INTO post_acces_level VALUES
(1, 1, 1),
(2, 2, 2);

-- 
-- Dumping data for table log
--
INSERT INTO log VALUES
(3, 'user', 'Вход в программу', 'Фролов', 'Олег', '2022-05-25 13:18:29'),
(4, 'admin', 'Вход в программу', 'Савичев', 'Вадим', '2022-05-25 13:53:21'),
(5, 'admin', 'Вход в программу', 'Савичев', 'Вадим', '2022-05-25 14:01:57'),
(6, 'admin', 'Вход в программу', 'Савичев', 'Вадим', '2022-05-25 14:02:01'),
(7, 'admin', 'Вход в программу', 'Савичев', 'Вадим', '2022-05-25 14:05:43'),
(8, 'admin', 'Вход в программу', 'Савичев', 'Вадим', '2022-05-25 14:06:23'),
(9, 'admin', 'Вход в программу', 'Савичев', 'Вадим', '2022-05-25 14:06:41'),
(10, 'user', 'Вход в программу', 'Фролов', 'Олег', '2022-05-28 16:18:42');

-- 
-- Dumping data for table employees
--
INSERT INTO employees VALUES
(1, 'Савичев', 'Вадим', 'Викторович', 1, '444', 'Мужчина', ' ', 1),
(2, 'Фролов', 'Олег', 'Генадьевич', 2, '321', 'Мужчина', ' ', 2),
(3, 'Аккаунт для проверки', ' ', ' ', 1, ' ', ' ', ' ', 3);

-- 
-- Dumping data for table convolution_statistics_diagnosis
--
INSERT INTO convolution_statistics_diagnosis VALUES
(11, 1, 1, 'М', '2022-05-03', 2),
(12, 1, 1, 'Ж', '2022-05-03', 2);

-- 
-- Dumping data for table constant
--
INSERT INTO constant VALUES
(1, '2022-05-02 00:00:00');

-- 
-- Dumping data for table conclusion
--
INSERT INTO conclusion VALUES
(1, 1, '2022-05-03 00:00:00', 1, 1),
(2, 2, '2022-05-03 00:00:00', 1, 1),
(3, 3, '2022-05-28 00:00:00', 2, 21);

-- 
-- Restore previous SQL mode
-- 
/*!40101 SET SQL_MODE=@OLD_SQL_MODE */;

-- 
-- Enable foreign keys
-- 
/*!40014 SET FOREIGN_KEY_CHECKS = @OLD_FOREIGN_KEY_CHECKS */;